Date,Morning_Question1,Morning_Question2,Morning_Question3,Morning_Question4,Morning_Question5,Morning_Question6,Afternoon_Question1,Afternoon_Question2,Afternoon_Question3,Afternoon_Question4,Afternoon_Question5,Afternoon_Question6,Afternoon_Question7,FlankerScore_AM,FlankerScore_PM,Nback0Score_AM,Nback0Score_PM,Nback1Score_AM,Nback1Score_PM,Nback2Score_AM,Nback2Score_PM,PVTScore_AM,PVTScore_PM,SleepTime(hr),PVT_RT_mean_AM,PVT_RT_mean_PM,PVT_RT_mean_AMPM,PVT_RT_median_AM,PVT_RT_median_PM,PVT_RT_median_AMPM,PVT_MissedRate_AM,PVT_FalseRate_AM,PVT_MissedRate_PM,PVT_FalseRate_PM,PVT_MissedRate_AMPM,PVT_FalseRate_AMPM,Flanker_RT_mean_AM,Flanker_RT_mean_PM,Flanker_RT_mean_AMPM,Flanker_RT_median_AM,Flanker_RT_median_PM,Flanker_RT_median_AMPM,Flanker_RT_variance_AM,Flanker_RT_variance_PM,Flanker_RT_variance_AMPM,Flanker_RT_std_AM,Flanker_RT_std_PM,Flanker_RT_std_AMPM,Flanker_RT_skew_AM,Flanker_RT_skew_PM,Flanker_RT_skew_AMPM,Flanker_RT_kurtosis_AM,Flanker_RT_kurtosis_PM,Flanker_RT_kurtosis_AMPM,Flanker(Inc)_RT_mean_AM,Flanker(Inc)_RT_mean_PM,Flanker(Inc)_RT_mean_AMPM,Flanker(Inc)_RT_median_AM,Flanker(Inc)_RT_median_PM,Flanker(Inc)_RT_median_AMPM,Flanker(Inc)_RT_variance_AM,Flanker(Inc)_RT_variance_PM,Flanker(Inc)_RT_variance_AMPM,Flanker(Inc)_RT_std_AM,Flanker(Inc)_RT_std_PM,Flanker(Inc)_RT_std_AMPM,Flanker(Inc)_RT_skew_AM,Flanker(Inc)_RT_skew_PM,Flanker(Inc)_RT_skew_AMPM,Flanker(Inc)_RT_kurtosis_AM,Flanker(Inc)_RT_kurtosis_PM,Flanker(Inc)_RT_kurtosis_AMPM,Flanker(Con)_RT_mean_AM,Flanker(Con)_RT_mean_PM,Flanker(Con)_RT_mean_AMPM,Flanker(Con)_RT_median_AM,Flanker(Con)_RT_median_PM,Flanker(Con)_RT_median_AMPM,Flanker(Con)_RT_variance_AM,Flanker(Con)_RT_variance_PM,Flanker(Con)_RT_variance_AMPM,Flanker(Con)_RT_std_AM,Flanker(Con)_RT_std_PM,Flanker(Con)_RT_std_AMPM,Flanker(Con)_RT_skew_AM,Flanker(Con)_RT_skew_PM,Flanker(Con)_RT_skew_AMPM,Flanker(Con)_RT_kurtosis_AM,Flanker(Con)_RT_kurtosis_PM,Flanker(Con)_RT_kurtosis_AMPM,Flanker(Neu)_RT_mean_AM,Flanker(Neu)_RT_mean_PM,Flanker(Neu)_RT_mean_AMPM,Flanker(Neu)_RT_median_AM,Flanker(Neu)_RT_median_PM,Flanker(Neu)_RT_median_AMPM,Flanker(Neu)_RT_variance_AM,Flanker(Neu)_RT_variance_PM,Flanker(Neu)_RT_variance_AMPM,Flanker(Neu)_RT_std_AM,Flanker(Neu)_RT_std_PM,Flanker(Neu)_RT_std_AMPM,Flanker(Neu)_RT_skew_AM,Flanker(Neu)_RT_skew_PM,Flanker(Neu)_RT_skew_AMPM,Flanker(Neu)_RT_kurtosis_AM,Flanker(Neu)_RT_kurtosis_PM,Flanker(Neu)_RT_kurtosis_AMPM,Flanker_accuracy_AM,Flanker_accuracy_PM,Flanker_accuracy_AMPM,Flanker(Inc)_accuracy_AM,Flanker(Inc)_accuracy_PM,Flanker(Inc)_accuracy_AMPM,Flanker(Con)_accuracy_AM,Flanker(Con)_accuracy_PM,Flanker(Con)_accuracy_AMPM,Flanker(Neu)_accuracy_AM,Flanker(Neu)_accuracy_PM,Flanker(Neu)_accuracy_AMPM,NBack_RT_mean_AM,NBack_RT_mean_PM,NBack_RT_mean_AMPM,NBack_RT_median_AM,NBack_RT_median_PM,NBack_RT_median_AMPM,NBack_RT_variance_AM,NBack_RT_variance_PM,NBack_RT_variance_AMPM,NBack_RT_std_AM,NBack_RT_std_PM,NBack_RT_std_AMPM,NBack_RT_skew_AM,NBack_RT_skew_PM,NBack_RT_skew_AMPM,NBack_RT_kurtosis_AM,NBack_RT_kurtosis_PM,NBack_RT_kurtosis_AMPM,NBack0_RT_mean_AM,NBack0_RT_mean_PM,NBack0_RT_mean_AMPM,NBack0_RT_median_AM,NBack0_RT_median_PM,NBack0_RT_median_AMPM,NBack0_RT_variance_AM,NBack0_RT_variance_PM,NBack0_RT_variance_AMPM,NBack0_RT_std_AM,NBack0_RT_std_PM,NBack0_RT_std_AMPM,NBack0_RT_skew_AM,NBack0_RT_skew_PM,NBack0_RT_skew_AMPM,NBack0_RT_kurtosis_AM,NBack0_RT_kurtosis_PM,NBack0_RT_kurtosis_AMPM,NBack1_RT_mean_AM,NBack1_RT_mean_PM,NBack1_RT_mean_AMPM,NBack1_RT_median_AM,NBack1_RT_median_PM,NBack1_RT_median_AMPM,NBack1_RT_variance_AM,NBack1_RT_variance_PM,NBack1_RT_variance_AMPM,NBack1_RT_std_AM,NBack1_RT_std_PM,NBack1_RT_std_AMPM,NBack1_RT_skew_AM,NBack1_RT_skew_PM,NBack1_RT_skew_AMPM,NBack1_RT_kurtosis_AM,NBack1_RT_kurtosis_PM,NBack1_RT_kurtosis_AMPM,NBack2_RT_mean_AM,NBack2_RT_mean_PM,NBack2_RT_mean_AMPM,NBack2_RT_median_AM,NBack2_RT_median_PM,NBack2_RT_median_AMPM,NBack2_RT_variance_AM,NBack2_RT_variance_PM,NBack2_RT_variance_AMPM,NBack2_RT_std_AM,NBack2_RT_std_PM,NBack2_RT_std_AMPM,NBack2_RT_skew_AM,NBack2_RT_skew_PM,NBack2_RT_skew_AMPM,NBack2_RT_kurtosis_AM,NBack2_RT_kurtosis_PM,NBack2_RT_kurtosis_AMPM,NBack_21_RT_AM,NBack_21_RT_PM,NBack_21_RT_AMPM,NBack_10_RT_AM,NBack_10_RT_PM,NBack_10_RT_AMPM,NBack_20_RT_AM,NBack_20_RT_PM,NBack_20_RT_AMPM,NBack_MD_AM,NBack_MD_PM,NBack_MD_AMPM,NBack_FA_AM,NBack_FA_PM,NBack_FA_AMPM,NBack_Accuracy_AM,NBack_Accuracy_PM,NBack_Accuracy_AMPM,NBack_F1score_AM,NBack_F1score_PM,NBack_F1score_AMPM,NBack0_MD_AM,NBack0_MD_PM,NBack0_MD_AMPM,NBack0_FA_AM,NBack0_FA_PM,NBack0_FA_AMPM,NBack0_Accuracy_AM,NBack0_Accuracy_PM,NBack0_Accuracy_AMPM,NBack0_F1score_AM,NBack0_F1score_PM,NBack0_F1score_AMPM,NBack1_MD_AM,NBack1_MD_PM,NBack1_MD_AMPM,NBack1_FA_AM,NBack1_FA_PM,NBack1_FA_AMPM,NBack1_Accuracy_AM,NBack1_Accuracy_PM,NBack1_Accuracy_AMPM,NBack1_F1score_AM,NBack1_F1score_PM,NBack1_F1score_AMPM,NBack2_MD_AM,NBack2_MD_PM,NBack2_MD_AMPM,NBack2_FA_AM,NBack2_FA_PM,NBack2_FA_AMPM,NBack2_Accuracy_AM,NBack2_Accuracy_PM,NBack2_Accuracy_AMPM,NBack2_F1score_AM,NBack2_F1score_PM,NBack2_F1score_AMPM,HR_mean,HR_var,HR_std,HR_sk,HR_ku,Stress_mean,Stress_var,Stress_std,Stress_sk,Stress_ku
2020-03-12,4,4,4,4,2,4,4,4,4,4,4,4,4,57.2109090909092,66.5236363636365,45.15347,25.08611,18.05556,74.23819,21.55625,57.52153,26.1666666666667,18.8333333333333,8.66666666666667,841.8,1003.45,-161.65,552.5,1058.5,-506,0.35,0,0.4,0,-0.05,0,552.446428571429,512.145454545455,40.300974025974,515,453,62,30490.7970779221,37172.4228956229,-6681.62581770082,174.616142088646,192.801511652847,-18.1853695642014,2.91845768021954,3.04193050883033,-0.123472828610792,12.5156158275872,9.62354672447941,2.89206910310783,509.611111111111,493.944444444445,15.6666666666666,480.5,472,8.5,21051.0751633987,13879.5849673203,7171.49019607843,145.089886495919,117.811650388747,27.2782361071725,1.35191164352076,1.42272673591781,-0.070815092397054,3.28296520852217,1.93726264698025,1.34570256154193,518.85,495.111111111111,23.7388888888889,508.5,447,61.5,6282.45,31964.339869281,-25681.889869281,79.2619076227667,178.785737320629,-99.5238296978626,1.00909884981064,3.67062928625416,-2.66153043644352,1.41165385613079,14.2890560907554,-12.8774022346246,632.611111111111,545.526315789474,87.0847953216375,575.5,468,107.5,60498.9575163399,66422.5964912281,-5923.63897488819,245.965358366457,257.725816501235,-11.7604581347771,2.47562830040113,2.54886830809147,-0.073240007690341,7.10831094234302,6.00353828557546,1.10477265676757,0.833333333333333,0.8,0.033333333333333,0.65,0.85,-0.2,0.95,0.8,0.15,0.9,0.75,0.15,341.719298245614,421.538461538462,-79.8191632928475,266,428,-162,84402.2412280702,30733.7692307692,53668.4719973009,290.520638213656,175.310493783941,115.210144429715,1.56208794094607,1.03308605401105,0.52900188693502,2.24475791380769,1.7424499378638,0.502307975943891,240.083333333333,421.538461538462,-181.455128205128,168.5,428,-259.5,60863.8188405797,30733.7692307692,30130.0496098105,246.705935965432,175.310493783941,71.3954421814907,2.13048205435491,1.03308605401105,1.09739600034386,4.18573622822066,1.7424499378638,2.44328629035685,181.75,514.04,-9.59999999999997,128.5,523,5,14705.2954545455,4419.94333333333,1255.35,121.265392649946,66.4826543794194,8.85188838373364,1.406495287651,0.440220773582019,-0.301640145883457,1.56411685983275,-0.223582576008539,-0.586273566585893,549.285714285714,625.64,-3.75818181818181,455,613,45,85257.0142857143,12951.9566666667,1672.13,291.98803791545,113.80666354246,7.72933358866173,1.55720995765309,0.77435294320393,-0.602248619809787,1.47948459444787,1.00278395682828,0.118310604167625,367.535714285714,82.16,17.5218181818182,-58.3333333333333,-9.63999999999999,-61.96,309.202380952381,112.96,-57,0.761904761904762,0.333333333333333,0.428571428571429,0.416666666666667,0.4,0.016666666666667,0.456140350877193,0.615384615384615,-0.159244264507422,0.24390243902439,0.444444444444444,-0.200542005420054,0.555555555555556,0.333333333333333,0.222222222222222,0.466666666666667,0.4,0.066666666666667,0.5,0.615384615384615,-0.115384615384615,0.4,0.444444444444444,-0.044444444444444,0.666666666666667,0,0,0.555555555555556,0,0,0.416666666666667,1,0,0.222222222222222,1,0,1,0,0.111111111111111,0.25,0.0625,-0.0625,0.428571428571429,0.96,0,0,0.947368421052632,-0.006191950464396,93.2970822281167,137.042961064161,11.7065349725767,0.016681272762479,0.092153898301123,66.4047619047619,442.676582038651,21.0398807515311,-1.45008271224648,1.84292613823297
2020-03-13,4,4,4,4,2,4,4,4,4,2,4,4,4,54.0563636363637,59.3981818181819,38.49097,71.94306,16.975,34.25486,18.51389,46.83125,38,41.3333333333333,7.03333333333333,583.15,475.55,107.6,506.5,459,47.5,0.05,0,0,0,0.05,0,470.173913043478,573.648148148148,-103.47423510467,440.5,511.5,-71,20283.5690821256,34438.3455625437,-14154.7764804181,142.42039559742,185.575713827385,-43.1553182299655,1.36077596187018,2.25702789572729,-0.896251933857108,3.88143139174702,4.70463936159282,-0.823207969845795,513.0625,564.222222222222,-51.1597222222222,444.5,547.5,-103,25248.4625,18304.8888888889,6943.57361111111,158.897647874347,135.295561231287,23.6020866430602,1.96249181468093,2.94927136273771,-0.986779548056778,3.11342827142883,10.7523561133894,-7.63892784196054,453.8,637.473684210526,-183.673684210526,489,518,-29,13959.1714285714,58903.9298245614,-44944.75839599,118.148937483887,242.701318135196,-124.552380651309,-1.74376531496493,1.64907860813298,-3.39284392309791,3.81026167831729,1.61543971097535,2.19482196734194,440.8,512.294117647059,-71.4941176470588,405,473,-68,20872.1714285714,19424.0955882353,1448.07584033614,144.472043761315,139.370354050764,5.10168971055146,2.36598067525904,2.82876132836974,-0.462780653110702,6.80057082826276,9.1663049529865,-2.36573412472374,0.65,0.85,-0.2,0.65,0.8,-0.15,0.65,0.9,-0.25,0.65,0.85,-0.2,616.739130434783,452.837837837838,163.901292596945,546.5,427,119.5,56260.7304347826,17824.3569048501,38436.3735299325,237.19344517668,133.5078907962,103.68555438048,1.40836762084698,0.980049580804297,0.428318040042679,1.77440667541535,3.00761931287252,-1.23321263745717,539.142857142857,503.416666666667,35.7261904761904,506,499.5,6.5,24308.8285714286,5637.47101449275,18671.3575569358,155.912887765664,75.0830940657932,80.8297936998709,2.21371153958514,0.178033875368877,2.03567766421626,6.70315872236119,-0.649665551105106,7.35282427346629,697.9375,446.48,251.4575,657.5,416,241.5,82663.9291666667,14087.26,68576.6691666667,287.51335476229,118.68976366983,168.823591092461,0.896794623766141,1.01626830150324,-0.119473677737102,0.367635295788943,0.51625415625736,-0.148618860468417,653.444444444444,410.64,242.804444444444,555,379,176,70192.0277777778,30270.74,39921.2877777778,264.937780955789,173.984884400916,90.9528965548736,1.1018341769548,1.75484305386155,-0.653008876906748,1.81152017297614,4.75807809409482,-2.94655792111868,-44.4930555555555,-35.84,-8.65305555555551,158.794642857143,-56.9366666666667,215.73130952381,114.301587301587,-92.7766666666667,207.078253968254,0.588235294117647,0.444444444444444,0.143790849673203,0.172413793103448,0.340425531914894,-0.168011738811445,0.673913043478261,0.621621621621622,0.052291421856639,0.482758620689655,0.517241379310345,-0.03448275862069,0.625,0.111111111111111,0.513888888888889,0.230769230769231,0,0.230769230769231,0.619047619047619,0.958333333333333,-0.339285714285714,0.428571428571429,0.941176470588235,-0.512605042016807,1,0.666666666666667,0.333333333333333,0.166666666666667,0.5625,-0.395833333333333,0.625,0.4,0.225,0,0.285714285714286,-0.285714285714286,0.2,0.555555555555556,-0.355555555555556,0,0.4375,-0.4375,0.888888888888889,0.52,0.368888888888889,0.888888888888889,0.4,0.488888888888889,94.1508704061896,232.050396270047,15.2332004605089,-0.517866954316164,-0.266539493868851,58.5104166666667,826.438533507398,28.7478439801561,-0.43932006712822,-1.19691542698675
2020-03-14,4,4,4,4,2,4,4,4,4,4,4,4,4,57.2109090909092,55.4727272727274,45.15347,31.58681,18.05556,37.31667,21.55625,37.75278,38,37.6666666666667,9.11666666666667,539.65,661.8,-51.95,486,446,-14,0,0,0.15,0,-0.05,0,576.25,540.054545454545,40.300974025974,576,437,82.5,20283.5690821256,53236.2377104377,-6681.62581770082,142.42039559742,230.729793720789,-18.1853695642014,0.890582898349357,1.60674625067447,-0.123472828610792,1.25116846980842,1.69999855191211,-1.35019981157765,580.15,533.833333333333,15.6666666666666,590.5,440,61,17151.2526315789,51741.4411764706,5848.61842105263,130.962791019354,227.467450806639,27.2782361071725,0.578551433291031,1.50448213467274,-0.070815092397054,-0.086797151648415,1.36035911429657,-0.531804256537658,571.8,563,79.2736842105263,579,421,106.5,9821.35526315789,67364.5882352941,-25681.889869281,99.102751037284,259.546890243929,-99.5238296978626,0.855427799568365,1.5751123988786,-2.4119075456648,1.68350795004359,1.58170058387534,0.682029449871073,597.777777777778,524.21052631579,67.3277777777778,572.5,453,90.5,20170.0653594771,46389.5087719298,148.105263157895,142.021355293763,215.38223875689,1.47603331007932,1.02520021614209,1.99109475619679,-0.073240007690341,0.57190387730011,4.04138571100077,-2.1156473804795,0.883333333333333,0.733333333333333,0.016666666666667,0.85,0.6,0.05,0.95,0.9,0,0.95,0.7,0,492.96,342.014285714286,20.9617204301076,491,310,39,17397.9394594595,65383.5215320911,4479.6282784154,131.901248892721,255.702017066919,18.2425000827675,0.851225212860599,1.56304775932949,0.428318040042679,1.70329880666662,3.02956701497876,-0.652679606016186,546,368.5,35.7261904761904,532,322,6.5,12261.4,108288.578947368,3592.2,110.73120608031,329.072300486334,24.7126834984589,1.41751257218512,1.2965448887833,0.717551698201141,4.18573622822066,1.70151176432174,2.01645742260951,502.68,308.04,-9.59999999999997,517,312,5,5922.34333333333,7642.20666666667,1255.35,76.956762752427,87.419715548992,8.85188838373364,0.676535399858292,0.960711210043636,-0.301640145883457,0.446687916958182,4.31439143859637,-0.586273566585893,549.285714285714,354.8,-3.75818181818181,469.5,299,45,19451.6666666667,92649.75,1672.13,139.469231971309,304.38421443958,7.72933358866173,0.758152744749458,1.15283757559531,-0.602248619809787,1.11641297532861,0.807150710223131,0.118310604167625,-12.52,46.76,17.5218181818182,12.08,-60.46,-61.96,72.9600000000001,-13.7,-57,0.481481481481482,0.692307692307692,0.143790849673203,0.148936170212766,0.454545454545454,0.016666666666667,0.72972972972973,0.457142857142857,-0.112688172043011,0.583333333333333,0.296296296296296,-0.131656184486373,0.555555555555556,0.625,0.111111111111111,0.1875,0.416666666666667,0.066666666666667,0.666666666666667,0.5,-0.08,0.444444444444444,0.375,-0.111111111111111,0.555555555555556,0.666666666666667,0,0.0625,0.5625,0,0.8,0.4,0,0.615384615384615,0.285714285714286,0,0.333333333333333,0.777777777777778,0.111111111111111,0.25,0.375,-0.0625,0.64,0.48,0,0.571428571428571,0.235294117647059,-0.006191950464396,94.7923250564334,135.490034867575,11.6400186798636,0.314419937638369,0.791775352923647,63.5831202046036,430.961663059873,20.7596161587798,-0.771835705025576,0.514076858851214
2020-03-15,2,4,4,4,2,4,4,4,4,4,4,4,4,57.2109090909092,58.2163636363637,45.15347,38.34792,18.05556,52.29028,21.55625,54.17153,38,15,8.45,539.65,1125.7,-51.95,486,1500,-14,0,0,0.65,0,-0.05,0,576.25,553.094339622642,40.300974025974,576,524,82.5,20283.5690821256,12824.0101596517,-6681.62581770082,142.42039559742,113.243146192834,-18.1853695642014,0.890582898349357,2.45620152581306,-0.123472828610792,1.25116846980842,9.30432851809401,-1.35019981157765,580.15,544.315789473684,15.6666666666666,590.5,517,61,17151.2526315789,9078.33918128655,5848.61842105263,130.962791019354,95.2803189608775,27.2782361071725,0.578551433291031,1.83183040593138,-0.070815092397054,-0.086797151648415,4.05489574347561,-0.531804256537658,571.8,542.5,79.2736842105263,579,540,106.5,9821.35526315789,4436.53333333333,-25681.889869281,99.102751037284,66.6073069064749,-99.5238296978626,0.855427799568365,0.160131589598828,-2.4119075456648,1.68350795004359,0.676767247130439,0.682029449871073,597.777777777778,571.777777777778,67.3277777777778,572.5,529,90.5,20170.0653594771,25138.0653594771,148.105263157895,142.021355293763,158.549882874372,1.47603331007932,1.02520021614209,2.23691133195834,-0.073240007690341,0.57190387730011,6.46899139819645,-2.1156473804795,0.883333333333333,0.833333333333333,0.016666666666667,0.85,0.85,0.05,0.95,0.75,0,0.95,0.9,0,492.96,256.821917808219,20.9617204301076,491,245,39,17397.9394594595,24892.5095129376,4479.6282784154,131.901248892721,157.773602078857,18.2425000827675,0.851225212860599,1.43856710649992,0.428318040042679,1.70329880666662,3.44270125215999,-0.652679606016186,546,257.739130434783,35.7261904761904,532,245,6.5,12261.4,26223.1106719368,3592.2,110.73120608031,161.935513930505,24.7126834984589,1.41751257218512,2.14388863718163,0.717551698201141,4.18573622822066,6.89102913642305,2.01645742260951,502.68,266.4,-9.59999999999997,517,271,5,5922.34333333333,16277.0833333333,1255.35,76.956762752427,127.581673187544,8.85188838373364,0.676535399858292,0.284285927457273,-0.301640145883457,0.446687916958182,1.37999808567494,-0.586273566585893,549.285714285714,246.4,-3.75818181818181,469.5,212,45,19451.6666666667,34153.0833333333,1672.13,139.469231971309,184.805528416585,7.72933358866173,0.758152744749458,1.52521699882604,-0.602248619809787,1.11641297532861,2.72643751077059,0.118310604167625,-12.52,-20,17.5218181818182,12.08,8.66086956521735,-61.96,72.9600000000001,-11.3391304347826,-57,0.481481481481482,0.5,0.143790849673203,0.148936170212766,0.468085106382979,0.016666666666667,0.72972972972973,0.520547945205479,-0.112688172043011,0.583333333333333,0.426229508196721,-0.131656184486373,0.555555555555556,0.625,0.111111111111111,0.1875,0.466666666666667,0.066666666666667,0.666666666666667,0.478260869565217,-0.08,0.444444444444444,0.333333333333333,-0.111111111111111,0.555555555555556,0.444444444444444,0,0.0625,0.5,0,0.8,0.52,0,0.615384615384615,0.454545454545454,0,0.333333333333333,0.444444444444444,0.111111111111111,0.25,0.4375,-0.0625,0.64,0.56,0,0.571428571428571,0.476190476190476,-0.006191950464396,79.2023719404492,36.7778136556688,6.06447142426022,1.8673606615117,6.30921059210965,25.7276595744681,95.9682487725041,9.79633853909225,2.14990132921367,7.12122060927196
2020-03-16,4,4,4,4,2,4,4,4,4,4,4,4,4,74.1972727272729,63.8254545454547,40.725,41.36042,50,45.97847,19.525,49.65278,40.3333333333333,26.6666666666667,9.75833333333333,492.5,799.9,-307.4,460.5,583,-122.5,0,0,0.2,0,-0.2,0,524.05,589.416666666667,-65.3666666666667,523,586.5,-63.5,2487.50593220339,9144.21327683615,-6656.70734463277,49.874902829012,95.6253798781273,-45.7504770491153,0.385643231181256,4.42764159600444,-4.04199836482318,1.26980363339245,28.1519735335993,-26.8821699002068,540,571.85,-31.85,538,570.5,-32.5,1078.1052631579,2384.5552631579,-1306.45,32.8345132925386,48.8319082481721,-15.9973949556335,-0.179754988076601,0.191108753026848,-0.37086374110345,0.431106067493591,-0.747668222680568,1.17877429017416,514.85,625.55,-110.7,514,608,-94,3420.23947368421,21445.7342105263,-18025.4947368421,58.4828134898126,146.443621269505,-87.9608077796927,0.427502835210248,3.3817471760151,-2.95424434080485,0.897942328310207,13.6139804548158,-12.7160381265056,517.3,570.85,-53.5500000000001,511.5,576.5,-65,2821.16842105263,2502.87105263158,318.297368421053,53.1146723707549,50.0287022881024,3.08597008265252,1.25459704771937,-0.478013928759419,1.73261097647879,3.22392402224703,0.949725922408359,2.27419809983867,1,1,0,1,1,0,1,1,0,1,1,0,282.061538461539,251.756756756757,30.3047817047817,225,265.5,-40.5,50403.8399038462,11187.9126249537,39215.9272788924,224.507995189138,105.772929546996,118.735065642143,1.69570541383334,0.137812353783956,1.55789306004938,4.47177142581402,0.864763760651101,3.60700766516292,294.72,233.72,61,235,258,-23,49808.5433333333,12671.71,37136.8333333333,223.178277019367,112.568690140731,110.609586878636,3.4273121735226,-0.086001161252043,3.51331333477464,14.3017283424968,-0.010812309558868,14.3125406520557,136.8,280.6,-143.8,87,281,-194,16318.0833333333,9513.5,6804.58333333333,127.74225351595,97.5371724010902,30.2050811148601,2.24112934158173,1.18145986624299,1.05966947533874,5.79998236892203,3.65227139967629,2.14771096924574,503.066666666667,240.5,262.566666666667,519,256.5,262.5,26759.2095238095,10969.5652173913,15789.6443064182,163.582424250925,104.735692184619,58.8467320663055,0.705473228159676,-0.211112263843027,0.916585492002703,1.98345805070713,-0.492056188980431,2.47551423968756,366.266666666667,-40.1,406.366666666667,-157.92,46.88,-204.8,208.346666666667,6.78,201.566666666667,0.5,0.555555555555556,-0.055555555555556,0.560975609756098,0.51063829787234,0.050337311883757,0.461538461538462,0.472972972972973,-0.011434511434511,0.406779661016949,0.380952380952381,0.025827280064568,0.666666666666667,0.666666666666667,0,0.4375,0.5,-0.0625,0.48,0.44,0.04,0.31578947368421,0.3,0.015789473684211,0,0.555555555555556,-0.555555555555556,1,0.5,0.5,0.36,0.48,-0.12,0.529411764705882,0.380952380952381,0.148459383753501,1,0.444444444444444,0.555555555555556,0,0.533333333333333,-0.533333333333333,0.6,0.5,0.1,0,0.454545454545454,-0.454545454545454,80.8125992588671,80.2281998610867,8.95701958583806,0.301849695440247,1.42554488292357,27.8733509234829,259.322541916209,16.1034947112796,0.701706967471382,0.35868730274817
2020-03-17,2,4,4,4,2,4,4,4,4,4,4,4,4,57.9054545454547,21.5936363636364,55.26806,25.72083,38.26389,30.10486,39.77986,49.2625,4.16666666666667,26.6666666666667,7.89166666666667,1422.45,981.1,441.35,1500,1223,277,0.9,0,0.45,0,0.45,0,580.824561403509,706.826086956522,-126.001525553013,571,601,-30,15702.3615288221,68722.7865612648,-53020.4250324428,125.309064032982,262.15031291468,-136.841248881698,-0.974065705060552,1.6348151699159,-2.60888087497645,6.50799740705924,1.47774780351496,5.03024960354428,612,642,-30,589,550,39,8304.44444444445,54851.4285714286,-46546.9841269841,91.1287245847567,234.203818439044,-143.075093854287,1.05168550436588,2.36991049683475,-1.31822499246887,0.91588977911655,5.99808664765135,-5.0821968685348,575.947368421053,659,-83.0526315789474,571,632.5,-61.5,14547.2748538012,11768.8,2778.47485380117,120.612084194749,108.484100217497,12.1279839772515,1.34817930840059,1.10424299839894,0.243936310001646,2.87999922604849,0.735120741947542,2.14487848410095,554.526315789474,796.333333333334,-241.80701754386,543,605,-62,24219.0409356725,118706.25,-94487.2090643275,155.624679712674,344.537733782528,-188.913054069853,-2.14923185726589,0.988551946025328,-3.13778380329122,7.1590809574798,-0.98817811609144,8.14725907357124,0.933333333333333,0.383333333333333,0.55,0.95,0.4,0.55,0.95,0.3,0.65,0.9,0.45,0.45,519.773333333333,467.017857142857,52.7554761904762,548,401,147,23716.8533333333,72581.3633116883,-48864.509978355,154.002770537849,269.409285867596,-115.406515329748,-0.833179213390578,0.97636669182802,-1.8095459052186,0.706421103190946,1.07134179528742,-0.364920692096473,585.72,553.3125,32.4075,573,476.5,96.5,3833.12666666667,98372.6291666667,-94539.5025,61.9122497302971,313.644112278019,-251.731862547722,1.14112886924556,0.687575571551816,0.453553297693744,1.64367761303513,0.351922108723267,1.29175550431186,593.04,474.095238095238,118.944761904762,610,424,186,15527.04,77182.2904761905,-61655.2504761905,124.607543912879,277.817008975675,-153.209465062797,-0.71151433971777,1.10330913840138,-1.81482347811915,0.403145365306354,1.48111064289494,-1.07796527758859,380.56,386.526315789474,-5.9663157894737,392,366,26,23457.09,40524.485380117,-17067.395380117,153.157076232213,201.306943198979,-48.1498669667657,-0.117413125685284,0.509974004180565,-0.627387129865849,0.494221648906274,0.419427041991114,0.074794606915161,-212.48,-87.5689223057644,-124.911077694236,7.31999999999994,-79.2172619047619,86.5372619047619,-205.16,-166.786184210526,-38.3738157894737,0.555555555555556,0.5,0.055555555555556,0.145833333333333,0.3,-0.154166666666667,0.706666666666667,0.642857142857143,0.063809523809524,0.521739130434783,0.444444444444444,0.077294685990338,0.222222222222222,0.5,-0.277777777777778,0.0625,0.416666666666667,-0.354166666666667,0.88,0.5625,0.3175,0.823529411764706,0.363636363636364,0.459893048128342,0.666666666666667,0.666666666666667,0,0.0625,0.333333333333333,-0.270833333333333,0.72,0.571428571428571,0.148571428571429,0.461538461538462,0.307692307692308,0.153846153846154,0.777777777777778,0.333333333333333,0.444444444444444,0.3125,0.153846153846154,0.158653846153846,0.52,0.789473684210526,-0.269473684210526,0.25,0.666666666666667,-0.416666666666667,83.0870095902354,112.551025848356,10.6090068266712,0.499086398729671,1.08955038017614,36.9016853932584,493.350870390885,22.2115031096701,0.535570665725514,-0.792615817601192
2020-03-18,4,4,4,4,2,4,4,4,4,2,4,4,4,54.4954545454546,39.6927272727273,28.84722,25.21111,28.77361,33.56042,36.85556,44.74722,7.5,18,8.45,1298.9,936.85,362.05,1500,964,536,0.7,0,0.3,0,0.4,0,617.116666666667,640.058823529412,-22.942156862745,608.5,597,11.5,7004.5115819209,35156.2564705882,-28151.7448886673,83.6929601694247,187.500017254901,-103.807057085477,1.34203725302851,0.803676673795921,0.538360579232586,3.73256853548361,-0.260822635461332,3.99339117094494,644.15,637.647058823529,6.50294117647059,621,601,20,5975.08157894737,34028.3676470588,-28053.2860681115,77.2986518572437,184.467795690898,-107.169143833654,0.974514207202755,0.397443397885798,0.577070809316956,0.005457572179896,-0.742901328627275,0.748358900807171,609.8,657.3125,-47.5125,606,594,12,9730.37894736842,41842.0958333333,-32111.7168859649,98.6426831922593,204.553405821886,-105.910722629627,2.05196134235593,0.996882769720369,1.05507857263556,7.64023140961783,-0.045715907457299,7.68594731707512,597.4,627,-29.6,597.5,559,38.5,4810.56842105263,33988,-29177.4315789474,69.3582613756475,184.35834670554,-115.000085329892,0.616630287505014,1.07023421922174,-0.453603931716728,0.399725855194731,0.394714586438111,0.00501126875662,0.983333333333333,0.683333333333333,0.3,0.95,0.65,0.3,1,0.7,0.3,1,0.7,0.3,506.639344262295,353.333333333333,153.306010928962,471,325,146,50935.8677595629,59728.4516129032,-8792.58385334038,225.689759979408,244.394049872134,-18.7042898927261,0.769914534304356,1.08229990884898,-0.312385374544623,0.911962180674094,1.2560528434932,-0.344090662819102,526.478260869565,465.904761904762,60.5734989648033,497,398,99,44587.2608695652,115793.69047619,-71206.4296066252,211.156957899959,340.284719721868,-129.127761821909,1.43112069198363,0.316470094166939,1.11465059781669,1.17352875578564,-0.88313000154803,2.05665875733367,484.6,279.705882352941,204.894117647059,512,195,317,66262.6857142857,35339.3455882353,30923.3401260504,257.415395254996,187.987620837744,69.4277744172521,0.259813919222552,1.11578486729018,-0.855970948067623,0.350878808489711,0.456189296939456,-0.105310488449744,501.173913043478,308.84,192.333913043478,468,325,143,51387.6956521739,17253.89,34133.8056521739,226.688543275071,131.354063507758,95.3344797673139,0.900402079701352,-0.095516979504981,0.995919059206333,1.90218533250216,2.37004438213245,-0.467859049630294,16.5739130434782,29.1341176470588,-12.5602046035806,-41.8782608695652,-186.198879551821,144.320618682256,-25.304347826087,-157.064761904762,131.760414078675,0.428571428571429,0.571428571428571,-0.142857142857143,0.5,0.476190476190476,0.023809523809524,0.524590163934426,0.492063492063492,0.032526671870934,0.452830188679245,0.36,0.092830188679245,0.555555555555556,0.666666666666667,-0.111111111111111,0.571428571428571,0.466666666666667,0.104761904761905,0.434782608695652,0.476190476190476,-0.041407867494824,0.380952380952381,0.266666666666667,0.114285714285714,0.2,0.5,-0.3,0.4,0.454545454545454,-0.054545454545455,0.666666666666667,0.529411764705882,0.137254901960784,0.615384615384615,0.428571428571429,0.186813186813187,0.428571428571429,0.555555555555556,-0.126984126984127,0.5,0.5,0,0.521739130434783,0.48,0.041739130434783,0.421052631578947,0.380952380952381,0.040100250626567,71.7476923076923,28.512119381773,5.33967408947147,0.840378206976748,4.38644762099886,16.4270833333333,43.784100877193,6.61695555956008,-0.628422120009888,-0.434257930988994
2020-03-19,4,4,4,2,2,4,4,4,4,4,4,4,4,57.9054545454547,9.92272727272729,40.725,20.099306,38.26389,20.803472,36.85556,3.611111,7.5,13,8.75,539.65,1230.1,-51.95,486,1500,-14,0,0,0.65,0,-0.05,0,576.25,906.592592592593,-22.942156862745,576,923,11.5,15702.3615288221,84224.4814814815,-6681.62581770082,125.309064032982,290.214543883454,-45.7504770491153,0.890582898349357,0.062278050651941,-0.123472828610792,1.26980363339245,-1.12359827592698,-1.35019981157765,580.15,921.9,6.50294117647059,590.5,939,39,8304.44444444445,101482.988888889,-1306.45,91.1287245847567,318.563947879996,-15.9973949556335,0.578551433291031,-0.072773913022225,-0.070815092397054,0.005457572179896,-1.30097327061686,-0.531804256537658,571.8,907.666666666666,-47.5125,579,992,12,9821.35526315789,103841.75,-25681.889869281,99.102751037284,322.244860315878,-99.5238296978626,0.855427799568365,-0.134012038775485,-2.4119075456648,1.68350795004359,-1.29665446772739,0.682029449871073,597.4,886.25,-29.6,572.5,859.5,38.5,20170.0653594771,62870.2142857143,148.105263157895,142.021355293763,250.739335337945,1.47603331007932,1.02520021614209,0.770397707689559,-0.073240007690341,0.57190387730011,0.22197308612547,0.00501126875662,0.933333333333333,0.283333333333333,0.016666666666667,0.95,0.4,0.05,0.95,0.25,0,0.95,0.2,0,492.96,598.809523809524,30.3047817047817,491,554.5,39,23716.8533333333,109418.109175377,4479.6282784154,154.002770537849,330.784082409323,18.2425000827675,0.851225212860599,0.357604906536987,0.428318040042679,1.70329880666662,-0.750537621194641,-0.364920692096473,546,499.1875,35.7261904761904,532,362,6.5,12261.4,89502.8291666667,3592.2,110.73120608031,299.170234426265,24.7126834984589,1.41751257218512,1.55801975786605,0.717551698201141,4.18573622822066,2.24711445046678,2.01645742260951,502.68,583.25,-9.59999999999997,517,671.5,5,15527.04,89220.8666666667,1255.35,124.607543912879,298.698621802423,8.85188838373364,0.676535399858292,-0.444417831376463,-0.301640145883457,0.446687916958182,-0.61679332045125,-0.586273566585893,503.066666666667,783.1,-3.75818181818181,469.5,908,45,23457.09,144776.766666667,1672.13,153.157076232213,380.495422661911,7.72933358866173,0.758152744749458,-0.47928107062576,-0.602248619809787,1.11641297532861,-1.06277688023059,0.118310604167625,-12.52,199.85,17.5218181818182,7.31999999999994,84.0625,-61.96,72.9600000000001,283.9125,-38.3738157894737,0.481481481481482,0.6875,0.055555555555556,0.148936170212766,0.384615384615385,0.016666666666667,0.706666666666667,0.5,-0.011434511434511,0.521739130434783,0.32258064516129,0.025827280064568,0.555555555555556,0.833333333333333,0,0.1875,0.4,0.066666666666667,0.666666666666667,0.4375,-0.041407867494824,0.444444444444444,0.181818181818182,0.015789473684211,0.555555555555556,0.5,0,0.0625,0.4,0,0.72,0.5625,0,0.615384615384615,0.461538461538462,0.148459383753501,0.428571428571429,0.75,0.111111111111111,0.25,0.333333333333333,-0.0625,0.6,0.5,0,0.421052631578947,0.285714285714286,-0.006191950464396,88.571159727123,77.1616998076577,8.78417325692394,0.691768437961018,0.693144653071068,42.0941176470588,346.943862899491,18.626429150524,0.313650610841988,-0.898760381388599
2020-03-20,4,4,4,4,2,4,4,2,2,4,4,4,4,47.6163636363637,57.8172727272728,24.55556,20.57431,45.48472,36.66319,27.20556,32.71528,23.1666666666667,5.16666666666666,8.45,655.2,1044.2,-389,437,1184,-747,0.2,0,0.45,0,-0.25,0,583.895833333333,565.166666666667,18.7291666666667,538.5,551.5,-13,41503.8399822695,10813.0225988701,30690.8173833994,203.724912522424,103.985684586245,99.7392279361793,2.48133834661777,0.429204001575841,2.05213434504193,7.90848541655227,0.507175012007665,7.4013104045446,585.315789473684,583.55,1.76578947368421,551,551.5,-0.5,40306.1169590643,10689.9447368421,29616.1722222222,200.763833792504,103.392188954689,97.3716448378155,1.81523645144834,1.18725583411131,0.627980617337024,5.82434110910283,1.66656855269213,4.1577725564107,551.533333333333,555.65,-4.11666666666667,517,550,-33,8281.26666666667,7944.45,336.816666666666,91.0014651896697,89.1316442123671,1.86982097730257,1.80163211990826,-0.183494123715116,1.98512624362337,3.92496278159001,-0.897815668296727,4.82277844988673,616.642857142857,556.3,60.3428571428572,518,549.5,-31.5,82959.3241758242,14409.0631578947,68550.2610179294,288.026603243215,120.037757217864,167.988846025351,2.23168207964695,0.257101714429335,1.97458036521762,5.14519519064376,0.013253070683815,5.13194211995995,0.733333333333333,0.866666666666667,-0.133333333333333,0.75,0.95,-0.2,0.75,0.9,-0.15,0.7,0.75,-0.05,304.932432432432,608.045454545455,-303.113022113022,315,606,-291,23213.9816734543,36929.0902097902,-13715.1085363359,152.361352295962,192.169430997207,-39.8080787012447,1.04944509002439,0.272850200760439,0.776594889263952,3.6163754862161,-0.419273039172763,4.03564852538886,395.541666666667,614.736842105263,-219.195175438596,372.5,654,-281.5,25408.9547101449,34056.5380116959,-8647.58330155099,159.40186545378,184.544135674087,-25.1422702203074,1.56424308693089,-0.307492578725194,1.87173566565609,6.62186272677405,0.588689884478634,6.03317284229541,209.92,686.083333333333,-476.163333333333,192,642.5,-450.5,19164.7433333333,36923.1231884058,-17758.3798550725,138.436784610642,192.153904952269,-53.7171203416273,1.5545237558169,0.321917578387655,1.23260617742924,4.26346362024623,-1.26615295816443,5.52961657841066,312.96,521.086956521739,-208.126956521739,327,493,-166,9413.54,28055.0830039526,-18641.5430039526,97.0233992395649,167.496516393484,-70.4731171539189,0.465128766062887,0.621061437627104,-0.155932671564217,-0.318373248736411,0.369765821723646,-0.688139070460057,103.04,-164.996376811594,268.036376811594,-185.621666666667,71.3464912280702,-256.968157894737,-82.5816666666667,-93.649885583524,11.0682189168573,0.777777777777778,0.44,0.337777777777778,0.531914893617021,0.414634146341463,0.117280747275558,0.378378378378378,0.575757575757576,-0.197379197379197,0.206896551724138,0.5,-0.293103448275862,0.888888888888889,0.571428571428571,0.317460317460317,0.533333333333333,0.416666666666667,0.116666666666667,0.333333333333333,0.526315789473684,-0.192982456140351,0.111111111111111,0.4,-0.288888888888889,0.555555555555556,0.222222222222222,0.333333333333333,0.5,0.266666666666667,0.233333333333333,0.48,0.75,-0.27,0.380952380952381,0.7,-0.319047619047619,0.888888888888889,0.555555555555556,0.333333333333333,0.5625,0.571428571428571,-0.008928571428571,0.32,0.434782608695652,-0.114782608695652,0.105263157894737,0.380952380952381,-0.275689223057644,80.5808383233533,147.369934355887,12.1396019026938,0.267508067144812,-0.622141647121925,29.3738317757009,617.016063084112,24.8398080323523,0.717219779543621,-0.830638012311755
2020-03-21,2,4,4,4,2,4,4,4,4,4,4,4,4,54.4954545454546,53.2454545454546,28.84722,41.43819,38.26389,69.13264,36.85556,42.31597,7.5,14.6666666666667,10.4166666666667,655.2,772.05,-51.95,486,540.5,-14,0.2,0,0.3,0,-0.05,0,580.824561403509,462,-22.942156862745,571,453.5,-13,15702.3615288221,29954.2711864407,-6681.62581770082,125.309064032982,173.073022699786,-45.7504770491153,0.890582898349357,2.57603219771666,-0.123472828610792,3.73256853548361,14.2036180558035,3.99339117094494,585.315789473684,452.55,1.76578947368421,589,488.5,20,8304.44444444445,20919.6289473684,-1306.45,91.1287245847567,144.636195149653,-15.9973949556335,0.974514207202755,-0.630178889906086,-0.070815092397054,0.431106067493591,-0.194570412331045,0.748358900807171,571.8,483.35,-47.5125,571,447.5,-33,9730.37894736842,54573.9236842105,-18025.4947368421,98.6426831922593,233.61062408249,-87.9608077796927,1.34817930840059,3.50416612400151,0.243936310001646,2.87999922604849,14.1331982365232,2.14487848410095,597.4,450.1,-29.6,543,449,-31.5,20170.0653594771,16799.4631578947,148.105263157895,142.021355293763,129.612743038232,1.47603331007932,1.02520021614209,-0.364058008687342,-0.073240007690341,3.22392402224703,-0.742430694316068,2.27419809983867,0.933333333333333,0.7,0.016666666666667,0.95,0.6,0.05,0.95,0.85,0,0.95,0.65,0,492.96,376.986666666667,30.3047817047817,471,346,39,23716.8533333333,28364.0944144144,-8792.58385334038,154.002770537849,168.416431545186,-18.7042898927261,0.851225212860599,0.707134725351553,0.428318040042679,1.70329880666662,1.1913058441784,-0.344090662819102,526.478260869565,407,35.7261904761904,497,397,6.5,25408.9547101449,37507.3333333333,-8647.58330155099,159.40186545378,193.668100970019,-25.1422702203074,1.43112069198363,0.199197278912035,1.11465059781669,4.18573622822066,0.556879201374967,2.05665875733367,484.6,275.72,-9.59999999999997,512,284,5,16318.0833333333,11037.5433333333,1255.35,127.74225351595,105.059713179379,8.85188838373364,0.676535399858292,0.389674859822755,-0.301640145883457,0.446687916958182,2.20868735819768,-0.105310488449744,501.173913043478,448.24,-3.75818181818181,468,399,45,23457.09,22001.94,1672.13,153.157076232213,148.330509336414,7.72933358866173,0.705473228159676,1.44560959677397,-0.155932671564217,1.11641297532861,2.08703152117625,0.074794606915161,16.5739130434782,172.52,17.5218181818182,-41.8782608695652,-131.28,-61.96,-25.304347826087,41.24,11.0682189168573,0.5,0.407407407407407,0.055555555555556,0.5,0.5,0.023809523809524,0.524590163934426,0.533333333333333,-0.011434511434511,0.452830188679245,0.477611940298507,0.025827280064568,0.555555555555556,0.444444444444444,0,0.4375,0.625,0.066666666666667,0.48,0.44,-0.041407867494824,0.380952380952381,0.416666666666667,0.015789473684211,0.555555555555556,0.222222222222222,0,0.4,0.375,0,0.666666666666667,0.68,0,0.529411764705882,0.636363636363636,0.148459383753501,0.777777777777778,0.555555555555556,0.333333333333333,0.3125,0.5,-0.008928571428571,0.521739130434783,0.48,0,0.25,0.380952380952381,-0.275689223057644,81.2830292979547,145.68471562815,12.0699923623899,-0.422520942671477,0.903875607704146,44.4447368421053,722.126225524233,26.8724063962317,-0.244915010149805,-1.40745241519281
2020-03-22,4,4,4,4,2,2,4,4,4,4,4,4,4,54.4954545454546,61.8772727272728,28.84722,45.29097,38.26389,44.52847,36.85556,34.59167,7.5,38,8.75,655.2,581.1,-51.95,486,457.5,-14,0.2,0,0.05,0,-0.05,0,580.824561403509,586.016666666667,-22.942156862745,571,588.5,-13,15702.3615288221,6715.74548022599,-6681.62581770082,125.309064032982,81.9496521055824,-45.7504770491153,0.890582898349357,-0.128968978425698,-0.123472828610792,3.73256853548361,-0.032040389347254,3.99339117094494,585.315789473684,601.25,1.76578947368421,589,614,20,8304.44444444445,7064.82894736842,-1306.45,91.1287245847567,84.0525368288693,-15.9973949556335,0.974514207202755,-0.43555177721224,-0.070815092397054,0.431106067493591,-0.335670022157672,0.748358900807171,571.8,575.65,-47.5125,571,561.5,-33,9730.37894736842,9228.3447368421,-18025.4947368421,98.6426831922593,96.064273988003,-87.9608077796927,1.34817930840059,0.412071719933183,0.243936310001646,2.87999922604849,-0.019398845586095,2.14487848410095,597.4,581.15,-29.6,543,592,-31.5,20170.0653594771,4178.66052631579,148.105263157895,142.021355293763,64.6425597135184,1.47603331007932,1.02520021614209,-1.1778422195932,-0.073240007690341,3.22392402224703,1.68460886612586,2.27419809983867,0.933333333333333,1,0.016666666666667,0.95,1,0.05,0.95,1,0,0.95,1,0,492.96,338.986486486487,30.3047817047817,471,331.5,39,23716.8533333333,11221.6299518697,-8792.58385334038,154.002770537849,105.93219506774,-18.7042898927261,0.851225212860599,1.3625267103108,0.428318040042679,1.70329880666662,5.2338095794176,-0.344090662819102,526.478260869565,280.72,35.7261904761904,497,273,6.5,25408.9547101449,12439.7933333333,-8647.58330155099,159.40186545378,111.533821477314,-25.1422702203074,1.43112069198363,2.14315165097131,1.11465059781669,4.18573622822066,9.54236824085502,2.05665875733367,484.6,382.041666666667,-9.59999999999997,512,374,5,16318.0833333333,14049.7807971015,1255.35,127.74225351595,118.531771256071,8.85188838373364,0.676535399858292,1.56694321804463,-0.301640145883457,0.446687916958182,4.46902625879417,-0.105310488449744,501.173913043478,355.92,-3.75818181818181,468,348,45,23457.09,2539.41,1672.13,153.157076232213,50.3925589745153,7.72933358866173,0.705473228159676,1.6382159215477,-0.155932671564217,1.11641297532861,5.38913722602758,0.074794606915161,16.5739130434782,-26.1216666666667,17.5218181818182,-41.8782608695652,101.321666666667,-61.96,-25.304347826087,75.2,11.0682189168573,0.5,0.592592592592593,0.055555555555556,0.5,0.531914893617021,0.023809523809524,0.524590163934426,0.445945945945946,-0.011434511434511,0.452830188679245,0.349206349206349,0.025827280064568,0.555555555555556,0.555555555555556,0,0.4375,0.5,0.066666666666667,0.48,0.48,-0.041407867494824,0.380952380952381,0.380952380952381,0.015789473684211,0.555555555555556,0.555555555555556,0,0.4,0.466666666666667,0,0.666666666666667,0.5,0,0.529411764705882,0.4,0.148459383753501,0.777777777777778,0.666666666666667,0.333333333333333,0.3125,0.625,-0.008928571428571,0.521739130434783,0.36,0,0.25,0.272727272727273,-0.275689223057644,80.4915572232646,122.304878268834,11.059153596403,-0.368101215878231,1.27174592974245,45.7953795379538,435.772561362097,20.8751661397484,-0.277709555587265,-0.309143424878009
2020-03-23,4,4,4,4,2,4,4,4,4,2,4,4,4,54.4954545454546,47.8945454545455,28.84722,38.80625,38.26389,33.51806,36.85556,43.81597,7.5,33,6.41666666666667,655.2,736.75,-51.95,486,603.5,-14,0.2,0,0.2,0,-0.05,0,580.824561403509,547.847457627119,-22.942156862745,571,543,-13,15702.3615288221,21436.8556399766,-6681.62581770082,125.309064032982,146.413304176829,-45.7504770491153,0.890582898349357,1.77311543931262,-0.123472828610792,3.73256853548361,7.13891626468033,3.99339117094494,585.315789473684,611,1.76578947368421,589,618,20,8304.44444444445,42285.6666666667,-1306.45,91.1287245847567,205.634789533937,-15.9973949556335,0.974514207202755,1.39202878350994,-0.070815092397054,0.431106067493591,3.73353414585895,0.748358900807171,571.8,533.25,-47.5125,571,539,-33,9730.37894736842,9981.1447368421,-18025.4947368421,98.6426831922593,99.905679202146,-87.9608077796927,1.34817930840059,0.45394910548325,0.243936310001646,2.87999922604849,0.500357161739579,2.14487848410095,597.4,502.45,-29.6,543,527,-31.5,20170.0653594771,9015.62894736843,148.105263157895,142.021355293763,94.9506658605848,1.47603331007932,1.02520021614209,-0.428087329917268,-0.073240007690341,3.22392402224703,-1.09415183202671,2.27419809983867,0.933333333333333,0.766666666666667,0.016666666666667,0.95,0.75,0.05,0.95,0.9,0,0.95,0.65,0,492.96,446.577464788732,30.3047817047817,471,384,39,23716.8533333333,27850.5617706237,-8792.58385334038,154.002770537849,166.884875799528,-18.7042898927261,0.851225212860599,1.43802774975176,0.428318040042679,1.70329880666662,1.47197843215004,-0.344090662819102,526.478260869565,420.84,35.7261904761904,497,398,6.5,25408.9547101449,8338.80666666667,-8647.58330155099,159.40186545378,91.3170666779582,-25.1422702203074,1.43112069198363,2.04752365386679,1.11465059781669,4.18573622822066,6.49957897378434,2.05665875733367,484.6,462.8,-9.59999999999997,512,367,5,16318.0833333333,46138.3333333333,1255.35,127.74225351595,214.798355052671,8.85188838373364,0.676535399858292,1.22698490279708,-0.301640145883457,0.446687916958182,0.523040158305571,-0.105310488449744,501.173913043478,457.904761904762,-3.75818181818181,468,369,45,23457.09,30812.6904761905,1672.13,153.157076232213,175.535439373907,7.72933358866173,0.705473228159676,0.946879442198651,-0.155932671564217,1.11641297532861,-0.743034061416661,0.074794606915161,16.5739130434782,-4.89523809523809,17.5218181818182,-41.8782608695652,41.96,-61.96,-25.304347826087,37.064761904762,11.0682189168573,0.5,0.576923076923077,0.055555555555556,0.5,0.444444444444444,0.023809523809524,0.524590163934426,0.507042253521127,-0.011434511434511,0.452830188679245,0.385964912280702,0.025827280064568,0.555555555555556,0.666666666666667,0,0.4375,0.5,0.066666666666667,0.48,0.44,-0.041407867494824,0.380952380952381,0.3,0.015789473684211,0.555555555555556,0.666666666666667,0,0.4,0.5,0,0.666666666666667,0.44,0,0.529411764705882,0.3,0.148459383753501,0.777777777777778,0.375,0.333333333333333,0.3125,0.307692307692308,-0.008928571428571,0.521739130434783,0.666666666666667,0,0.25,0.588235294117647,-0.275689223057644,80.6998916576381,53.2924468889963,7.30016759321293,0.00094627687657,1.68303976714042,34.8745247148289,269.537630975532,16.417601255224,-0.000927984142271,-0.672301011346702
2020-03-24,4,4,4,4,2,2,4,4,4,4,4,4,4,22.4509090909091,51.9245454545456,41.247222,54.46528,9.750694,25.31736,28.63125,52.45903,25.8333333333333,18.1666666666667,8.45,813.65,636.55,177.1,617.5,525,92.5,0.2,0,0.1,0,0.1,0,898.660377358491,607.95,290.71037735849,904,591,313,54329.2285921626,25677.8449152542,28651.3836769083,233.086311464579,160.243080709447,72.8432307551319,-0.304738774449922,1.77137041927909,-2.07610919372902,2.45333370138625,7.00018836661031,-4.54685466522406,965.157894736842,692.6,272.557894736842,967,646,321,32900.8070175439,41165.7263157895,-8264.91929824562,181.3857960744,202.893386574796,-21.5075905003956,0.883512454157957,1.81882742425196,-0.935314970093999,1.85606895739479,5.55047500400064,-3.69440604660585,922.625,596.65,325.975,918.5,587,331.5,28725.7166666667,13798.0289473684,14927.6877192982,169.486626807742,117.465011587998,52.0216152197439,0.068048100571592,0.449056738960559,-0.381008638388967,-0.642414756972947,-0.625608927266391,-0.016805829706557,807.166666666667,534.6,272.566666666667,828.5,557.5,271,91654.9705882353,11432.1473684211,80222.8232198143,302.745719355758,106.92122038408,195.824498971678,0.009958626546374,-0.12787847250305,0.137837099049425,1.88403600359818,-0.530369869550229,2.41440587314841,0.866666666666667,0.95,-0.083333333333333,0.9,0.9,0,0.8,1,-0.2,0.9,0.95,-0.05,595.421875,345.621621621622,249.800253378378,541,331,210,39066.5017361111,14813.8000740467,24252.7016620645,197.652477181823,121.711955345589,75.9405218362341,1.29194694703718,1.2053751966486,0.086571750388578,1.46929320043447,2.8691631691105,-1.39986996867604,523.72,337.666666666667,186.053333333333,500,333,167,11402.96,4563.6231884058,6839.3368115942,106.784643090662,67.5545941324925,39.2300489581691,0.493484391069651,1.07502918362,-0.581544792550349,-0.394064007203178,1.7408911807798,-2.13495518798298,777.642857142857,297.48,480.162857142857,725,280,445,58325.6318681319,25031.26,33294.3718681319,241.507001695876,158.212704925995,83.2942967698809,-0.002034837040261,2.08442162059152,-2.08645645763178,-0.657426390936523,4.96500388868176,-5.62243027961829,565.08,401.4,163.68,529,393,136,33869.91,9935.58333333333,23934.3266666667,184.037795031347,99.6773963009334,84.3603987304134,1.73986580631054,0.59168884606793,1.14817696024261,4.08750575629836,0.75313382128461,3.33437193501375,-212.562857142857,103.92,-316.482857142857,253.922857142857,-40.1866666666667,294.109523809524,41.36,63.7333333333333,-22.3733333333333,0.565217391304348,0.555555555555556,0.009661835748792,0.463414634146341,0.48936170212766,-0.025947067981318,0.5,0.486486486486487,0.013513513513514,0.384615384615385,0.387096774193548,-0.002481389578164,0.444444444444444,0.444444444444444,0,0.5,0.4,0.1,0.52,0.583333333333333,-0.063333333333333,0.454545454545454,0.5,-0.045454545454546,0.6,0.777777777777778,-0.177777777777778,0.333333333333333,0.625,-0.291666666666667,0.571428571428571,0.32,0.251428571428571,0.4,0.190476190476191,0.20952380952381,0.666666666666667,0.444444444444444,0.222222222222222,0.5,0.4375,0.0625,0.44,0.56,-0.12,0.3,0.476190476190476,-0.176190476190476,78.7184466019418,12.2514350506697,3.50020500123488,0.707122997008021,0.776085411130606,42.0941176470588,435.772561362097,20.8751661397484,-0.000927984142271,-0.830638012311755
2020-03-26,2,4,4,4,2,2,4,4,4,4,4,4,4,41.7372727272728,60.9954545454547,50.71806,56.10903,63.93333,26.54931,53.31667,37.71042,17.1666666666667,0.5,11.0333333333333,1137.1,1500,-362.9,1500,1500,0,0.6,0,1,0,-0.4,0,559.075,583.033333333333,-23.9583333333333,554,578.5,-24.5,7218.94294871795,7543.5581920904,-324.615243372447,84.9643628159357,86.853659635564,-1.88929681962833,2.9017644977184,2.03027962525543,0.871484872462972,14.6790469573287,9.26849480448104,5.41055215284768,564.928571428571,601.1,-36.1714285714286,571,604.5,-33.5,3451.3021978022,2920.62105263158,530.681145170619,58.7477846203769,54.0427705861901,4.7050140341868,-0.933578777354184,0.01211485180627,-0.945693629160454,0.664623647185131,-0.236661545742349,0.90128519292748,538.416666666667,593.75,-55.3333333333334,552.5,566,-13.5,1896.26515151515,14684.8289473684,-12788.5637958533,43.5461267108241,121.180976012609,-77.6348493017845,-0.948291624593114,2.25862176684138,-3.20691339143449,-0.478239480967662,7.46383482610293,-7.94207430707059,570.928571428571,554.25,16.6785714285714,540.5,550,-9.5,16018.8406593407,4482.72368421053,11536.1169751301,126.565558740681,66.9531454392587,59.6124133014219,2.74210448501824,0.54853362504823,2.19357085997001,9.28586521376912,0.370575662146988,8.91528955162213,0.633333333333333,0.983333333333333,-0.35,0.6,0.95,-0.35,0.6,1,-0.4,0.7,1,-0.3,450.028169014085,341.634920634921,108.393248379164,446,323,123,18635.9706237425,33710.1710189452,-15074.2003952028,136.513627978098,183.603297952257,-47.0896699741592,0.803970430757227,1.12110457878079,-0.317134148023565,1.8705983188052,3.02351108915457,-1.15291277034937,555.904761904762,314.64,241.264761904762,540,287,253,19926.8904761905,54096.6566666667,-34169.7661904762,141.162638386333,232.586879824866,-91.4242414385335,1.18081761242054,1.4400312575421,-0.259213645121562,2.65257777279896,3.03953343084952,-0.38695565805056,320.72,485.230769230769,-164.510769230769,326,468,-142,4151.71,15955.6923076923,-11803.9823076923,64.433764440703,126.315843454779,-61.8820790140763,0.332850516996114,1.87483016499198,-1.54197964799586,2.27028524794067,5.30566796588937,-3.0353827179487,490.4,293.96,196.44,468,308,160,4673.75,10714.3733333333,-6040.62333333334,68.3648301394804,103.510257140698,-35.1454270012172,0.430186041910262,0.092749418528895,0.337436623381367,-0.782752180859015,0.305823452283482,-1.0885756331425,169.68,-191.270769230769,360.950769230769,-235.184761904762,170.590769230769,-405.775531135531,-65.5047619047619,-20.68,-44.8247619047619,0.269230769230769,0.476190476190476,-0.206959706959707,0.311111111111111,0.452380952380952,-0.141269841269841,0.704225352112676,0.53968253968254,0.164542812430136,0.644067796610169,0.431372549019608,0.212695247590562,0.125,0.444444444444444,-0.319444444444444,0.153846153846154,0.3125,-0.158653846153846,0.857142857142857,0.64,0.217142857142857,0.823529411764706,0.526315789473684,0.297213622291022,0.333333333333333,0,0.333333333333333,0.375,0.5,-0.125,0.64,0.615384615384615,0.024615384615385,0.571428571428571,0.545454545454545,0.025974025974026,0.333333333333333,0.666666666666667,-0.333333333333333,0.375,0.5625,-0.1875,0.64,0.4,0.24,0.571428571428571,0.285714285714286,0.285714285714286,75.5906522855676,98.3888745486112,9.91911662138374,0.251526948273448,0.754672732721998,26.8978102189781,367.29830399313,19.165028150074,0.125804828201601,-1.00224352143225
2020-03-27,4,4,4,4,2,4,4,4,4,4,4,4,4,53.0654545454546,53.7472727272728,30.97431,44.26042,36.40694,41.64722,15.07639,43.16111,35.5,15,9.01666666666667,639.5,1162.65,-523.15,623,1500,-877,0,0,0.55,0,-0.55,0,629.133333333333,616.016949152542,13.116384180791,624.5,610,14.5,3971.47344632768,11536.3272939801,-7564.85384765245,63.0196274689694,107.407296279071,-44.3876688101016,0.690412884989308,-0.06570829032513,0.756121175314438,0.384217250075669,-0.35909422096551,0.743311471041178,649,604.5,44.5,633.5,630,3.5,4298.52631578947,15969.2105263158,-11670.6842105263,65.5631475433377,126.369341718297,-60.8061941749595,1.14332774852168,-0.463935262938944,1.60726301146062,1.54440100340254,-0.667390891479643,2.21179189488218,618.1,625.263157894737,-7.16315789473686,620,613,7,3246.93684210526,9932.98245614035,-6686.04561403509,56.9818992497202,99.6643489726409,-42.6824497229207,0.073398315157989,0.226309237021651,-0.152910921863662,-1.09577064270225,-0.169399719221232,-0.926370923481014,620.3,618.75,1.54999999999995,614,581,33,4161.27368421053,9603.77631578947,-5442.50263157895,64.507935048415,97.9988587473827,-33.4909236989677,0.711600841758432,0.738291247178324,-0.026690405419892,-0.493443509658659,-0.642526825014496,0.149083315355836,1,0.966666666666667,0.033333333333333,1,0.95,0.05,1,0.95,0.05,1,1,0,477.119402985075,430.083333333333,47.0360696517413,454,377.5,76.5,29253.2885572139,38511.6267605634,-9258.33820334945,171.035927679578,196.243794196309,-25.207866516731,0.325228914363087,0.907154920186611,-0.581926005823524,-0.364612900238903,1.38090082654527,-1.74551372678417,366.952380952381,583.5,-216.547619047619,314,586.5,-272.5,23890.1476190476,13420.6428571429,10469.5047619048,154.564380175536,115.847498277446,38.71688189809,1.62066308554679,1.71868196185105,-0.098018876304265,2.70052853526038,5.21130221678904,-2.51077368152865,503.12,364,139.12,454,295,159,20778.6933333333,62610.4166666667,-41831.7233333333,144.148164516005,250.220735884672,-106.072571368666,0.467890571148314,1.60995975765555,-1.14206918650724,-1.29753906969703,2.43550751632482,-3.73304658602185,556.333333333333,361.16,195.173333333333,545,353,192,27534.0333333333,8504.14,19029.8933333333,165.933822150077,92.2178941420807,73.7159280079962,-0.35910958055361,0.674461443794807,-1.03357102434842,2.37826543247502,-0.20129983619757,2.57956526867259,53.2133333333334,-2.83999999999997,56.0533333333333,136.167619047619,-219.5,355.667619047619,189.380952380952,-222.34,411.720952380952,0.68,0.538461538461538,0.141538461538462,0.523809523809524,0.347826086956522,0.175983436853002,0.417910447761194,0.583333333333333,-0.165422885572139,0.290909090909091,0.444444444444444,-0.153535353535354,0.625,0.5,0.125,0.538461538461538,0,0.538461538461538,0.428571428571429,0.818181818181818,-0.38961038961039,0.333333333333333,0.666666666666667,-0.333333333333333,0.555555555555556,0.555555555555556,0,0.4375,0.5,-0.0625,0.52,0.48,0.04,0.4,0.380952380952381,0.019047619047619,0.875,0.555555555555556,0.319444444444444,0.615384615384615,0.5,0.115384615384615,0.285714285714286,0.48,-0.194285714285714,0.117647058823529,0.380952380952381,-0.263305322128851,80.3279153279153,93.8552111353624,9.68788992171992,0.640533449297172,0.192291761073161,50.9365482233503,387.092655739399,19.6746704099306,-0.088442143657035,-1.09088862927593
2020-03-28,2,4,4,4,2,2,2,2,4,4,4,4,4,58.5054545454547,76.2672727272729,38.45417,44.83194,35.72292,37.79167,66.99583,52.34236,35.5,12.6666666666667,3.6,521.15,1141.35,-620.2,479,1500,-1021,0,0,0.6,0,-0.6,0,577.383333333333,495.95,81.4333333333333,572,487,85,3857.93531073446,7183.74322033898,-3325.80790960452,62.1122798706863,84.7569656154525,-22.6446857447661,-0.287407629714814,0.574343379909319,-0.861751009624133,0.980672881474306,2.07792907683243,-1.09725619535813,586.85,498.4,88.45,605,479.5,125.5,6116.66052631579,4911.72631578947,1204.93421052632,78.2090821216807,70.0837093466768,8.12537277500384,-1.13232260738359,0.895282130472518,-2.0276047378561,1.71287792766812,0.986404252502825,0.726473675165297,582.5,485.3,97.2,570.5,484,86.5,3591.94736842105,6290.64210526316,-2698.6947368421,59.932857168844,79.3135682292958,-19.3807110604518,0.336528933821068,-0.112061126645739,0.448590060466807,-0.099059134426261,-0.01315380314399,-0.085905331282271,562.8,504.15,58.65,556.5,501,55.5,1925.53684210526,10908.5552631579,-8983.01842105263,43.8809393940611,104.44402933226,-60.5630899381985,0.96260495341843,0.702050300976013,0.260554652442417,1.02888953274983,2.68316404315317,-1.65427451040334,0.966666666666667,0.95,0.016666666666667,0.9,0.95,-0.05,1,0.95,0.05,1,0.95,0.05,359.04054054054,351.026666666667,8.01387387387388,352,320,32,6104.97093669011,21764.2965765766,-15659.3256398865,78.1343134396797,147.52727400917,-69.3929605694898,0.884291438249186,0.673571101517531,0.210720336731654,1.91213758480589,0.104518996578469,1.80761858822742,371.791666666667,473.56,-101.768333333333,372,443,-71,6442.08514492754,12764.2566666667,-6322.17152173913,80.2626011597403,112.979009849913,-32.7164086901724,1.41311240528055,1.15412724437635,0.258985160904202,5.07872554742649,0.611420269977735,4.46730527744875,384.6,247.28,137.32,395,260,135,5838.16666666667,7462.96,-1624.79333333333,76.4078966250653,86.3884251505953,-9.98052852552995,0.475505855095739,1.0055068961192,-0.530001041023458,0.274267507281485,2.8362107869284,-2.56194327964692,321.24,332.24,-11,310,299,11,4225.94,19659.8566666667,-15433.9166666667,65.0072303670907,140.213610846689,-75.206380479598,0.963560225643992,0.928721428789986,0.034838796854005,2.62709743506203,0.617517810401321,2.00957962466071,-63.36,84.96,-148.32,12.8083333333333,-226.28,239.088333333333,-50.5516666666667,-141.32,90.7683333333333,0.555555555555556,0.592592592592593,-0.037037037037037,0.468085106382979,0.416666666666667,0.051418439716312,0.5,0.52,-0.02,0.39344262295082,0.379310344827586,0.014132278123234,0.666666666666667,0.555555555555556,0.111111111111111,0.533333333333333,0.375,0.158333333333333,0.416666666666667,0.56,-0.143333333333333,0.3,0.421052631578947,-0.121052631578947,0.666666666666667,0.666666666666667,0,0.5625,0.5625,0,0.4,0.4,0,0.285714285714286,0.285714285714286,0,0.333333333333333,0.555555555555556,-0.222222222222222,0.3125,0.3125,0,0.68,0.6,0.08,0.6,0.444444444444444,0.155555555555556,80.080048619552,82.3907776287577,9.07693657732374,0.469222665591492,1.9573720545289,48.1573604060914,359.837770114052,18.9693903463989,-0.601985724858575,-0.363364927044925
2020-03-29,4,4,4,4,4,2,2,2,4,4,2,4,4,53.6163636363637,44.1563636363637,29.49097,24.23611,41.43819,39.58333,44.72222,25.82361,33,25.6666666666667,11.3,554,798.95,-244.95,490,586,-96,0.05,0,0.2,0,-0.15,0,628.733333333333,645.156862745098,-16.4235294117647,622.5,586,36.5,6577.72429378531,32232.6149019608,-25654.8906081755,81.1031706765236,179.534439320039,-98.4312686435155,2.3602151716579,1.43926932626094,0.920945845396963,10.5401060172335,2.58332518385684,7.95678083337662,649,584.529411764706,64.4705882352941,638,582,56,2663.47368421053,5363.51470588235,-2700.04102167183,51.6088527697577,73.2360205491966,-21.6271677794389,0.811399618402979,0.316059319424648,0.495340298978332,0.091368901517829,-1.14226419838065,1.23363309989848,607,671.611111111111,-64.6111111111111,596,641,-45,4068.42105263158,29080.4869281046,-25012.065875473,63.7841755659786,170.530017674615,-106.745842108637,0.897623286157996,1.06674415992066,-0.169120873762666,0.989849327125939,1.04928103640656,-0.059431709280621,630.2,679.8125,-49.6125,610.5,578,32.5,12761.852631579,62476.4291666667,-49714.5765350877,112.968370049226,249.952853887822,-136.984483838595,2.71190242422174,0.976526710444144,1.73537571377759,9.60667554337454,0.664650774328996,8.94202476904555,1,0.783333333333333,0.216666666666667,1,0.75,0.25,1,0.9,0.1,1,0.7,0.3,446.180555555555,378.290322580645,67.8902329749104,397.5,316,81.5,26180.0091940532,69446.2421998942,-43266.233005841,161.802376972816,263.526549326428,-101.724172353612,2.10081658325643,1.23053938397315,0.870277199283272,7.91455593870285,1.30764145196882,6.60691448673402,570.04347826087,338.111111111111,231.932367149759,568,219.5,348.5,44235.4071146245,99943.1633986928,-55707.7562840683,210.322150794025,316.137886686637,-105.815735892612,0.975451938572417,1.22578272844954,-0.250330789877119,5.00537191887507,0.719708871039164,4.28566304783591,404,538.863636363636,-134.863636363636,397.5,425,-27.5,2370.26086956522,61372.1233766234,-59001.8625070582,48.6853249918825,247.733977033073,-199.048652041191,0.605087216600026,1.31896747608919,-0.713880259489163,0.282946181816875,0.734459818640773,-0.451513636823898,372.72,250.590909090909,122.129090909091,348,250,98,12525.2933333333,13967.3008658009,-1442.00753246753,111.916456937009,118.183335821091,-6.26687888408263,3.55532331244791,0.429461735322493,3.12586157712542,14.5096739433314,0.664251306828924,13.8454226365025,-31.28,-288.272727272727,256.992727272727,-166.04347826087,200.752525252525,-366.796003513395,-197.32347826087,-87.520202020202,-109.803276240668,0.576923076923077,0.608695652173913,-0.031772575250836,0.434782608695652,0.564102564102564,-0.129319955406912,0.513888888888889,0.419354838709678,0.094534050179211,0.385964912280702,0.333333333333333,0.052631578947369,0.625,0.714285714285714,-0.089285714285714,0.266666666666667,0.545454545454545,-0.278787878787879,0.608695652173913,0.388888888888889,0.219806763285024,0.4,0.266666666666667,0.133333333333333,0.555555555555556,0.375,0.180555555555556,0.533333333333333,0.5,0.033333333333333,0.458333333333333,0.545454545454545,-0.087121212121212,0.380952380952381,0.5,-0.119047619047619,0.555555555555556,0.75,-0.194444444444444,0.5,0.642857142857143,-0.142857142857143,0.48,0.318181818181818,0.161818181818182,0.380952380952381,0.210526315789474,0.170426065162907,83.2311654861558,161.560763154017,12.7106554966303,-0.08889832043074,-0.483278679063565,55.6258992805755,521.180843051191,22.8293855162856,-0.742761249892566,-0.388910852042975
2020-03-30,4,4,4,4,2,4,4,4,4,4,4,4,4,39.8527272727273,37.7881818181819,29.874306,38.19444,6.579861,15.46806,45.088889,54.86528,28.3333333333333,17.6666666666667,7.93333333333333,736.1,1046.15,-310.05,643.5,1140,-496.5,0.15,0,0.45,0,-0.3,0,680.964912280702,621.829268292683,59.1356439880189,666,557,109,17255.9987468672,34993.2451219512,-17737.2463750841,131.362090219618,187.0648152966,-55.702725076982,0.832556953600635,2.30837946648359,-1.47582251288295,4.88198065974708,6.21642092053529,-1.33444026078822,710.722222222222,547.181818181818,163.540404040404,665.5,517,148.5,22287.0359477124,4593.76363636364,17693.2723113488,149.28843206261,67.7773091555252,81.5111229070845,2.58051373914209,0.804186385430236,1.77632735371186,8.42858452529988,-0.637539730735913,9.06612425603579,652.05,696.705882352941,-44.6558823529413,629.5,595,34.5,23010.6815789474,62025.7205882353,-39015.0390092879,151.692720916158,249.0496347884,-97.3569138722418,-0.406894760801856,1.64667642121885,-2.05357118202071,-0.142834606602402,2.25177953184597,-2.39461413844837,683.21052631579,587.076923076923,96.1336032388664,682,513,169,6527.61988304094,15756.2435897436,-9228.62370670265,80.7936871484458,125.523876572322,-44.7301894238764,-0.018788482678617,0.938254234459975,-0.957042717138591,-0.199968251144185,-0.010633537891023,-0.189334713253162,0.916666666666667,0.633333333333333,0.283333333333333,0.9,0.5,0.4,0.9,0.8,0.1,0.95,0.6,0.35,534.409090909091,438.825396825397,95.5836940836941,493.5,376,117.5,37027.8287526427,46553.8238607271,-9525.99510808437,192.426164418051,215.763351523671,-23.3371871056199,1.66567907203297,1.59102967619522,0.074649395837752,4.16114082559377,4.05589150202537,0.105249323568404,557.230769230769,461.217391304348,96.0133779264215,502,454,48,53119.1923076923,43202.9051383399,9916.28716935239,230.476012434466,207.853085467452,22.6229269670143,2.61052119416908,2.03755205928784,0.572969134881235,8.05137897024218,6.99149650440738,1.0598824658348,676.125,443.529411764706,232.595588235294,743.5,382,361.5,67259.8392857143,87199.7647058823,-19939.9254201681,259.345019781977,295.296062801187,-35.9510430192091,-0.900414879933365,1.04507552943078,-1.94549040936415,0.99098000860569,1.45969412324311,-0.468714114637422,472.217391304348,412.95652173913,59.2608695652174,451,349,102,10343.1778656127,23335.3162055336,-12992.1383399209,101.701415258651,152.759013500132,-51.0575982414809,1.24622960190486,2.35161846839912,-1.10538886649426,3.09908645346648,7.24897672548004,-4.14989027201356,-203.907608695652,-30.5728900255754,-173.334718670077,118.894230769231,-17.687979539642,136.582210308873,-85.0133779264215,-48.2608695652174,-36.7525083612041,0.444444444444444,0.545454545454545,-0.101010101010101,0.346153846153846,0.463414634146341,-0.117260787992495,0.613636363636364,0.507936507936508,0.105699855699856,0.540540540540541,0.392156862745098,0.148383677795443,0.333333333333333,0.555555555555556,-0.222222222222222,0.285714285714286,0.428571428571429,-0.142857142857143,0.692307692307692,0.521739130434783,0.17056856187291,0.666666666666667,0.421052631578947,0.245614035087719,0.666666666666667,0.8,-0.133333333333333,0.2,0.666666666666667,-0.466666666666667,0.625,0.294117647058824,0.330882352941176,0.4,0.142857142857143,0.257142857142857,0.444444444444444,0.375,0.069444444444445,0.428571428571429,0.333333333333333,0.095238095238095,0.565217391304348,0.652173913043478,-0.086956521739131,0.5,0.555555555555556,-0.055555555555556,77.9253342594201,97.5560774108285,9.87704801096099,0.626965057775152,0.849409228993242,44.5077319587629,452.782885798769,21.2786955849923,0.006429967895511,-0.848490625680591
2020-03-31,4,4,4,4,2,4,4,4,4,4,4,4,4,53.6163636363637,72.6518181818183,29.874306,31.56389,35.72292,48.70069,45.088889,46.58194,33,25.5,8.58333333333333,639.5,781.9,-362.9,623,562,-496.5,0.05,0,0.25,0,-0.4,0,628.733333333333,514.3,13.116384180791,622.5,494,36.5,6577.72429378531,7289.02711864407,-7564.85384765245,81.1031706765236,85.3757993733825,-44.3876688101016,0.832556953600635,2.43966495201822,0.756121175314438,4.88198065974708,9.46888071074189,0.743311471041178,649,562.8,64.4705882352941,633.5,535,56,4298.52631578947,14200.1684210526,530.681145170619,65.5631475433377,119.164459555073,4.7050140341868,0.811399618402979,1.70465964191089,0.495340298978332,1.54440100340254,4.11557380212585,1.23363309989848,607,479.65,-44.6558823529413,596,477.5,7,3591.94736842105,1433.39736842105,-12788.5637958533,59.932857168844,37.8602346588218,-77.6348493017845,0.073398315157989,0.669436358814156,-0.169120873762666,-0.142834606602402,0.390797576697102,-0.926370923481014,620.3,500.45,16.6785714285714,610.5,503.5,33,6527.61988304094,3058.99736842105,-8983.01842105263,80.7936871484458,55.3082034459722,-44.7301894238764,0.96260495341843,0.426933787421132,0.260554652442417,1.02888953274983,1.48059034517059,0.149083315355836,0.966666666666667,0.983333333333333,0.033333333333333,0.9,0.95,0.05,1,1,0.05,1,1,0.05,450.028169014085,432.125,67.8902329749104,446,418,81.5,26180.0091940532,21012.448943662,-15074.2003952028,161.802376972816,144.956714034438,-47.0896699741592,0.884291438249186,1.80330764969989,0.074649395837752,1.91213758480589,9.80736310844837,0.105249323568404,555.904761904762,420.583333333333,96.0133779264215,502,404,48,23890.1476190476,10401.1231884058,-6322.17152173913,154.564380175536,101.985897007409,-32.7164086901724,1.41311240528055,0.742650679434055,-0.098018876304265,5.00537191887507,0.158957513000209,1.0598824658348,404,439.08,137.32,397.5,434,135,5838.16666666667,4103.24333333333,-19939.9254201681,76.4078966250653,64.0565635460827,-61.8820790140763,0.467890571148314,0.85900464039319,-1.14206918650724,0.282946181816875,1.00446294178266,-2.56194327964692,472.217391304348,436.608695652174,122.129090909091,451,411,102,10343.1778656127,52241.4308300395,-6040.62333333334,101.701415258651,228.563844100592,-35.1454270012172,0.963560225643992,1.45237222070989,0.034838796854005,2.62709743506203,4.38954639043523,2.00957962466071,-31.28,-2.47130434782605,56.0533333333333,12.8083333333333,18.4966666666667,136.582210308873,-65.5047619047619,16.0253623188406,-36.7525083612041,0.555555555555556,0.592592592592593,-0.037037037037037,0.434782608695652,0.422222222222222,-0.117260787992495,0.513888888888889,0.513888888888889,0.094534050179211,0.39344262295082,0.385964912280702,0.052631578947369,0.625,0.666666666666667,-0.089285714285714,0.285714285714286,0.6,-0.142857142857143,0.608695652173913,0.375,0.17056856187291,0.4,0.285714285714286,0.133333333333333,0.555555555555556,0.444444444444444,0,0.4375,0.4375,-0.0625,0.52,0.56,0.024615384615385,0.4,0.476190476190476,0.019047619047619,0.444444444444444,0.666666666666667,-0.194444444444444,0.428571428571429,0.214285714285714,0,0.565217391304348,0.608695652173913,0.08,0.5,0.4,0.155555555555556,81.0781385657232,174.648981876593,13.2154826577236,1.31731923124887,4.38872445899994,46.5768194070081,455.444758505136,21.3411517614476,-0.062162801727587,-0.729697214226895
2020-04-01,4,4,4,4,2,4,2,4,4,4,4,4,4,57.3809090909092,67.2700000000001,39.39583,28.19236,52.92778,65.42708,37.37917,25.01875,33.3333333333333,25.1666666666667,8.58333333333333,616.8,879.35,-262.55,570.5,596,-25.5,0.05,0,0.3,0,-0.25,0,609.466666666667,579.438596491228,30.0280701754386,613,531,82,3753.98192090395,28670.179197995,-24916.197277091,61.269747191448,169.322707272223,-108.052960080775,0.20799228592324,2.41506212319626,-2.20706983727302,1.59535768529055,6.17717980441666,-4.58182211912612,618.1,565.85,52.25,625.5,521,104.5,3819.46315789474,27504.2394736842,-23684.7763157895,61.8018054582124,165.84402151927,-104.042216061058,-0.566800245055047,2.78426510132834,-3.35106534638338,0.659829687029425,9.51318646622302,-8.85335677919359,616.95,534.894736842105,82.0552631578947,613.5,543,70.5,3715.31315789474,3189.87719298246,525.435964912281,60.9533687165421,56.4789978043384,4.47437091220379,1.67218957102726,0.621329049138469,1.05086052188879,4.92574256835737,1.05016063774438,3.87558193061299,593.35,641.555555555556,-48.2055555555555,603.5,543,60.5,3711.50263157895,53805.0849673203,-50093.5823357413,60.922102980601,231.959231261272,-171.037128280671,-0.375401817382214,1.43411390563098,-1.8095157230132,0.284113000726381,1.34701952286646,-1.06290652214008,1,0.95,0.05,1,1,0,1,0.95,0.05,1,0.9,0.1,390,416.846153846154,-26.8461538461539,373,365,8,16874.027027027,52926.1009615385,-36052.0739345114,129.900065538964,230.056734223405,-100.156668684442,1.12581016598326,1.01886360388958,0.106946562093687,2.60846492157108,1.25158622020342,1.35687870136766,484.6,318.684210526316,165.915789473684,472,274,198,9618.25,40545.8947368421,-30927.6447368421,98.0726771328284,201.36011207993,-103.287434947102,0.607878707035563,0.991950463215909,-0.384071756180346,-0.529766196166455,0.685735871495814,-1.21550206766227,367.16,306.56,60.6,352,300,52,17681.2233333333,14438.6733333333,3242.55,132.970761197089,120.161030843337,12.8097303537525,2.85203081607152,2.20721149055096,0.644819325520562,11.8818641967184,8.57530826671119,3.30655593000717,318.24,636.952380952381,-318.712380952381,306,642,-336,9499.27333333333,40318.9476190476,-30819.6742857143,97.4642156554565,200.795785859782,-103.331570204326,0.882535094178448,1.22346149893088,-0.340926404752428,1.06239127293369,2.92967939406311,-1.86728812112942,-48.92,330.392380952381,-379.312380952381,-117.44,-12.1242105263158,-105.315789473684,-166.36,318.268170426065,-484.628170426065,0.555555555555556,0.666666666666667,-0.111111111111111,0.5,0.268292682926829,0.231707317073171,0.48,0.584615384615385,-0.104615384615385,0.380952380952381,0.372093023255814,0.008859357696567,0.555555555555556,0.714285714285714,-0.158730158730159,0.5,0.5,0,0.48,0.421052631578947,0.058947368421053,0.380952380952381,0.266666666666667,0.114285714285714,0.444444444444444,0.333333333333333,0.111111111111111,0.4375,0.3125,0.125,0.56,0.68,-0.12,0.476190476190476,0.6,-0.123809523809524,0.666666666666667,1,-0.333333333333333,0.5625,0,0.5625,0.4,0.619047619047619,-0.219047619047619,0.285714285714286,0,0.285714285714286,79.3376344086022,68.5883116920666,8.28180606462543,0.120988508565504,2.4454419952235,34.6591928251121,214.559002949137,14.6478327048454,-0.154063430415601,0.607274098280195
2020-04-02,4,4,4,4,2,4,4,4,4,4,4,4,4,56.0145454545456,70.6245454545456,63.09583,47.10347,19.10417,34.84167,25.43056,16.13056,37.1666666666667,33.8333333333333,9.41666666666667,520.2,580.05,-59.8499999999999,533.5,516.5,17,0,0,0.05,0,-0.05,0,617.95,541.616666666667,76.3333333333334,601.5,527.5,74,8201.20084745763,6000.85056497175,2200.35028248588,90.5604817095052,77.4651571028663,13.095324606639,2.35279135091866,2.11490096422238,0.237890386696283,8.87939328998485,9.13126754141927,-0.251874251434419,644.35,568.05,76.3000000000001,633,542.5,90.5,11698.2394736842,10883.3131578947,814.926315789475,108.158399921986,104.323119000032,3.83528092195425,3.17974571450158,2.17192831873301,1.00781739576856,12.3910977641611,6.86481171514617,5.52628604901496,617.65,531.25,86.4,600,538,62,6976.87105263158,3337.25,3639.62105263158,83.5276663904337,57.7689362893242,25.7587301011094,1.1205301686948,0.403317712550701,0.717212456144098,1.10917098830009,0.778150304270088,0.33102068403,591.85,525.55,66.3000000000001,570,515,55,5340.97631578947,3293.31315789474,2047.66315789474,73.0819835239129,57.3873954618498,15.6945880620631,1.52032051630714,0.278254801140347,1.24206571516679,2.24789174187244,-0.209960284362293,2.45785202623474,1,1,0,1,1,0,1,1,0,1,1,0,609.093333333333,406.450704225352,202.642629107981,585,343,242,13716.4911711712,38845.0796780684,-25128.5885068972,117.117424712001,197.091551513677,-79.9741268016762,0.925781404406871,2.31620691480161,-1.39042551039474,1.1986766033322,5.94999170595869,-4.75131510262649,592.96,363.92,229.04,573,342,231,9695.04,20966.9933333333,-11271.9533333333,98.4633942132811,144.799838858106,-46.3364446448244,1.38619466816803,3.27184279707899,-1.88564812891096,2.30387063880009,13.6801191940597,-11.3762485552596,605.28,335.4,269.88,580,307,273,12445.1266666667,22191.4166666667,-9746.29000000001,111.557727955829,148.967837692123,-37.4101097362943,0.6762972688448,3.75860936213187,-3.08231209328707,0.522784273121995,16.378450790228,-15.855666517106,629.04,541.666666666667,87.3733333333333,638,490,148,19451.6233333333,56398.8333333333,-36947.21,139.469076620351,237.484385451619,-98.0153088312684,0.731549358287935,1.61659085429272,-0.885041496004782,1.00894621941786,3.03898329362232,-2.03003707420446,23.76,206.266666666667,-182.506666666667,12.3199999999999,-28.52,40.84,36.0799999999999,177.746666666667,-141.666666666667,0.481481481481482,0.692307692307692,-0.210826210826211,0.291666666666667,0.555555555555556,-0.263888888888889,0.64,0.394366197183099,0.245633802816901,0.509090909090909,0.271186440677966,0.237904468412943,0,0.555555555555556,-0.555555555555556,0.0625,0.5,-0.4375,0.96,0.48,0.48,0.947368421052632,0.380952380952381,0.566416040100251,0.666666666666667,0.666666666666667,0,0.5625,0.5625,0,0.4,0.4,0,0.285714285714286,0.285714285714286,0,0.777777777777778,0.875,-0.097222222222222,0.25,0.615384615384615,-0.365384615384615,0.56,0.285714285714286,0.274285714285714,0.266666666666667,0.117647058823529,0.149019607843137,77.9931328439498,68.1977263980281,8.25819147259423,0.620897319348025,0.36544721233397,27.2365591397849,287.245996750986,16.9483331555344,0.735376703929326,-0.332083016135995
2020-04-03,4,4,4,4,2,4,2,2,4,4,4,4,4,48.7963636363637,77.2072727272729,53.79931,74.97361,32.94861,67.31667,39.30069,55.40278,33.3333333333333,35.5,9.18333333333333,647.6,585.4,62.2,606,482,124,0,0,0.1,0,-0.1,0,660.266666666667,508.95,151.316666666667,661,518,143,9989.99548022598,3454.92966101695,6535.06581920904,99.9499648835655,58.7786497039269,41.1713151796386,0.603969627693641,-0.461108061061173,1.06507768875481,1.22942686608732,0.495008108229962,0.734418757857356,663.45,522.95,140.5,661,524.5,136.5,8603.10263157895,3381.41842105263,5221.68421052632,92.7529117148295,58.1499649273551,34.6029467874743,1.50633054245058,0.238245025702474,1.26808551674811,3.82943657970664,-0.104694838167513,3.93413141787416,674.05,498.55,175.5,697.5,504.5,193,8216.15526315789,2808.89210526316,5407.26315789474,90.6430100071588,52.9989821153497,37.6440278918091,-0.526603158956215,-0.453508174398407,-0.073094984557808,0.763372623758012,-0.472826057883562,1.23619868164157,643.3,505.35,137.95,633.5,519,114.5,13688.6421052632,4204.34473684211,9484.29736842105,116.998470525316,64.8409186921508,52.1575518331649,0.942573016142306,-1.11315255984896,2.05572557599126,1.46869767799153,1.20466719766679,0.26403048032474,1,1,0,1,1,0,1,1,0,1,1,0,521.445945945946,466.093333333333,55.3526126126126,514.5,497,17.5,14111.0723805998,16063.6263063063,-1952.55392570653,118.790034853938,126.742361924916,-7.95232707097775,0.175057574001472,-0.214339626573104,0.389397200574577,-0.363867999075104,-0.466469160782591,0.102601161707487,612.666666666667,526,86.6666666666666,627.5,514,113.5,8797.71014492754,6540,2257.71014492754,93.7961094338541,80.8702664766229,12.9258429572312,-0.569017755710491,1.51953310187607,-2.08855085758656,-0.006144669362318,3.88972278440495,-3.89586745376726,465.12,555.28,-90.16,442,557,-115,5642.94333333333,3614.71,2028.23333333333,75.1195269775664,60.1224583662378,14.9970686113286,0.496676414158206,0.367241145720222,0.129435268437984,-0.82351534317752,1.13326717913065,-1.95678252230817,490.2,317,173.2,471,317,154,16204.0833333333,4195.75,12008.3333333333,127.295260451178,64.774609223059,62.5206512281194,0.374801712344621,0.40416108967183,-0.029359377327209,0.795355782300042,0.327795789895094,0.467559992404948,25.08,-238.28,263.36,-147.546666666667,29.28,-176.826666666667,-122.466666666667,-209,86.5333333333334,0.444444444444444,0.185185185185185,0.259259259259259,0.382978723404255,0.145833333333333,0.237145390070922,0.594594594594595,0.84,-0.245405405405405,0.5,0.785714285714286,-0.285714285714286,0.111111111111111,0,0.111111111111111,0.066666666666667,0,0.066666666666667,0.916666666666667,1,-0.083333333333333,0.888888888888889,1,-0.111111111111111,0.666666666666667,0.111111111111111,0.555555555555556,0.5625,0,0.5625,0.4,0.96,-0.56,0.285714285714286,0.941176470588235,-0.65546218487395,0.555555555555556,0.444444444444444,0.111111111111111,0.5,0.4375,0.0625,0.48,0.56,-0.08,0.380952380952381,0.476190476190476,-0.095238095238095,76.6921340510505,171.511836344653,13.0962527596505,0.633370891914574,-0.634802298789364,32.3916256157635,694.762300066898,26.3583440311962,0.822156431998278,-0.792303685146121
2020-04-04,4,4,4,4,2,4,4,4,4,4,4,4,4,37.7754545454546,52.6409090909092,40.49097,47.10347,13.1375,46.23472,45.42778,56.51389,25,33.5,9.18333333333333,914.2,636.25,277.95,738.5,558,180.5,0.25,0,0.1,0,0.15,0,677.083333333333,544.830188679245,132.253144654088,627,522,105,23536.6312056738,22541.297532656,995.333673017722,153.416528463115,150.137595333934,3.27893312918121,2.07995963420099,1.58971356715789,0.490246067043099,5.1537418040731,4.32523861155165,0.82850319252145,735.133333333333,540.315789473684,194.817543859649,626,508,118,45442.980952381,18438.1169590643,27004.8639933166,213.173593468752,135.787027948418,77.386565520335,1.67914559778165,0.246318661513811,1.43282693626784,2.26625013766906,0.419938741016837,1.84631139665222,636.6,507.823529411765,128.776470588235,607,499,108,10522.5428571429,14629.9044117647,-4107.36155462185,102.579446562861,120.95414177185,-18.3746952089886,1.03580592124675,0.999932089665694,0.035873831581058,0.080811192211483,5.55892234758825,-5.47811115537677,662.444444444444,586.882352941177,75.562091503268,633.5,565,68.5,14336.2614379085,34528.2352941176,-20191.9738562091,119.734128125228,185.817747521914,-66.0836193966857,1.66834952367992,2.14929982822356,-0.48095030454364,3.82108775191137,4.04133549259457,-0.220247740683197,0.8,0.75,0.05,0.75,0.75,0,0.75,0.7,0.05,0.9,0.8,0.1,602.859375,341.66,261.199375,556,292.5,263.5,27315.3608630952,63501.8208163265,-36186.4599532313,165.273593967988,251.995676185776,-86.7220822177885,1.17568423392299,2.15170235458462,-0.976018120661633,1.0122595446241,5.13868673641075,-4.12642719178666,554.04347826087,420.583333333333,96.0133779264215,530,404,113.5,18069.95256917,20966.9933333333,-6322.17152173913,134.424523689578,144.799838858106,-32.7164086901724,1.23436645615715,1.51953310187607,-0.384071756180346,1.7166360789223,3.88972278440495,-1.21550206766227,765.9375,372.72,393.2175,768,287,481,34828.4625,85958.71,-51130.2475,186.623852977051,293.187158654672,-106.563305677621,0.302088115378673,2.03844648939183,-1.73635837401316,-0.736511933771541,4.06683195197918,-4.80334388575072,543.4,310.6,232.8,529,298,231,9674.83333333333,41681,-32006.1666666667,98.3607306466017,204.159251566026,-105.798520919425,0.976614932122684,2.05621958433808,-1.0796046522154,0.837230011396853,6.22439577817982,-5.38716576678297,-222.5375,-62.12,-160.4175,211.89402173913,-12.1242105263158,40.84,-10.6434782608696,16.0253623188406,-36.7525083612041,0.423076923076923,0.388888888888889,0.034188034188034,0.421052631578947,0.4375,-0.016447368421053,0.578125,0.58,-0.001875,0.526315789473684,0.511627906976744,0.01468788249694,0.444444444444444,0.555555555555556,-0.158730158730159,0.428571428571429,0.5,-0.142857142857143,0.565217391304348,0.48,0.17056856187291,0.5,0.380952380952381,0.133333333333333,0.5,0.444444444444444,0.055555555555556,0.5,0.4375,0.0625,0.5,0.56,-0.06,0.5,0.476190476190476,0.023809523809524,0.333333333333333,0.333333333333333,0,0.375,0.4375,-0.0625,0.64,0.6,0.04,0.571428571428571,0.545454545454545,0.025974025974026,76.6606909430439,114.016898663338,10.677869575123,3.62673089423591,24.9945741720209,24.6339869281046,290.17379192114,17.0344883081688,1.54445472543345,2.54819712295868
2020-04-05,4,4,4,4,2,4,2,4,4,2,4,4,4,66.899090909091,62.1581818181819,48.61667,51.36528,52.17778,54.09653,37.04792,44.09722,36.6666666666667,32.3333333333333,8.33333333333333,531.3,574.35,-43.0500000000001,502,552,-50,0,0,0,0,0,0,565.3,576.7,-11.4000000000001,562.5,579,-16.5,5216.65423728814,5536.38305084746,-319.728813559323,72.2264095555645,74.4068750240692,-2.18046546850476,2.87954500569504,-0.069023981347305,2.94856898704234,15.5255137154705,0.352139047254699,15.1733746682158,569.35,613.65,-44.3,580,610,-30,2705.18684210526,4341.29210526316,-1636.10526315789,52.0114106913595,65.8884823414772,-13.8770716501178,-0.760890924866008,0.415066981464203,-1.17595790633021,-0.254695394846582,0.709344371758195,-0.964039766604777,576.55,565.5,11.05,559.5,571,-11.5,10170.8921052632,3177.31578947368,6993.57631578948,100.85084087534,56.3676839108517,44.4831569644884,3.31698187128188,-0.335433457494817,3.6524153287767,12.9748670996974,0.42263947263649,12.5522276270609,550,550.95,-0.950000000000046,541,543,-2,2926.10526315789,7406.1552631579,-4480.05,54.0934863283732,86.0590219742119,-31.9655356458388,0.360550647007604,0.045083956560685,0.315466690446919,-0.528283213987254,-0.31214623968176,-0.216136974305494,1,1,0,1,1,0,1,1,0,1,1,0,428.297297297297,211.28,217.017297297297,371,183,188,27268.3213624583,14883.7178378378,12384.6035246205,165.131224674373,121.998843592215,43.1323810821579,1.91219293568454,1.55171457696446,0.360478358720085,3.77093626044004,3.66124507887169,0.109691181568349,383.64,183.92,199.72,363,161,202,10871.24,15372.41,-4501.17,104.265238694399,123.985523348494,-19.7202846540952,1.5765506870286,2.19582758036259,-0.619276893333983,3.2028891488185,6.06256363898955,-2.85967449017106,382.72,277.6,105.12,351,272,79,9132.71,11785.1666666667,-2652.45666666667,95.5652133362344,108.5595074909,-12.9942941546651,2.66635063939657,2.22795414902081,0.43839649037576,8.52326722463364,8.20688575571181,0.316381468921826,522.291666666667,172.32,349.971666666667,424,146,278,52028.9112318841,11791.3933333333,40237.5178985507,228.098468280443,108.588182291322,119.510285989121,0.930708815871764,1.74659580787245,-0.815886992000688,0.093509121065365,4.07107858493361,-3.97756946386825,139.571666666667,-105.28,244.851666666667,-0.919999999999959,93.68,-94.6,138.651666666667,-11.6,150.251666666667,0.576923076923077,0.481481481481482,0.095441595441596,0.354166666666667,0.5,-0.145833333333333,0.567567567567568,0.506666666666667,0.060900900900901,0.407407407407407,0.430769230769231,-0.023361823361824,0.666666666666667,0.444444444444444,0.222222222222222,0.3125,0.5,-0.1875,0.56,0.52,0.04,0.352941176470588,0.454545454545454,-0.101604278074866,0.444444444444444,0.444444444444444,0,0.4375,0.4375,0,0.56,0.56,0,0.476190476190476,0.476190476190476,0,0.625,0.555555555555556,0.069444444444445,0.3125,0.5625,-0.25,0.583333333333333,0.44,0.143333333333333,0.375,0.363636363636364,0.011363636363636,80.0984545928113,131.341989622417,11.4604532904426,0.562608095714333,-0.045678145489679,33.2910052910053,544.976099251961,23.3447231564643,0.629365060284973,-0.817520652894642
2020-04-06,4,4,4,4,2,4,4,4,4,4,4,4,4,57.9572727272728,71.9118181818183,70.6,58.65694,65.35764,45.87361,47.29167,62.93333,33.6666666666667,35,10.0333333333333,537.3,503.6,33.6999999999999,516,495.5,20.5,0,0,0,0,0,0,596.033333333333,525.433333333333,70.6,592,529.5,62.5,3674.23615819209,6092.5209039548,-2418.28474576271,60.615477876464,78.05460206775,-17.439124191286,0.09265803543338,-0.064342705103841,0.15700074053722,-0.245770683158508,-0.94894624742081,0.703175564262302,604.75,554.75,50,600,570,30,4840.82894736842,5798.72368421053,-957.894736842106,69.5760659089634,76.1493511739301,-6.57328526496667,0.006918648650216,-0.492146762077411,0.499065410727627,-0.188436339113342,-0.700234501277627,0.511798162164285,584.25,516.2,68.05,584.5,527.5,57,3876.72368421053,6271.32631578947,-2394.60263157895,62.2633414153989,79.1917061048029,-16.928364689404,-0.14922294140413,-0.271332248368672,0.122109306964541,-0.934110591476947,-1.1313357266738,0.197225135196848,599.1,505.35,93.75,588,494,94,2455.88421052632,5429.81842105263,-2973.93421052632,49.5568785389709,73.6873016268925,-24.1304230879216,0.740586342146447,0.551828924863684,0.188757417282762,0.187278035354445,0.126678230659692,0.060599804694753,0.983333333333333,0.983333333333333,0,0.95,1,-0.05,1,1,0,1,0.95,0.05,495.426666666667,459.08,36.3466666666667,498,441,57,15888.9776576577,29687.7772972973,-13798.7996396396,126.051488121552,172.301414089662,-46.2499259681108,0.098154049671022,0.319971915952143,-0.221817866281121,-0.062193772865332,-0.566438628795629,0.504244855930298,513.04,455,58.04,501,489,12,12740.54,14257.5,-1516.96,112.874000549285,119.404773773916,-6.53077322463071,1.23688888049342,-0.690076215828066,1.92696509632148,3.65628959445227,-0.391443078539549,4.04773267299182,586.68,615.32,-28.6400000000001,597,599,-2,5276.22666666667,18041.9766666667,-12765.75,72.6376394623797,134.320425351719,-61.6827858893391,-0.516457109726122,0.194382368006404,-0.710839477732525,-0.221911027992239,-0.622538785909073,0.400627757916835,386.56,306.92,79.64,367,291,76,9631.17333333334,9675.07666666667,-43.9033333333336,98.1385415284604,98.3619675823266,-0.223426053866262,0.816898445275029,1.58841159143725,-0.771513146162224,0.819044789762555,5.0606238872948,-4.24157909753224,-200.12,-308.4,108.28,73.64,160.32,-86.6800000000001,-126.48,-148.08,21.6,0.222222222222222,0.259259259259259,-0.037037037037037,0.145833333333333,0.291666666666667,-0.145833333333333,0.826666666666667,0.72,0.106666666666667,0.763636363636364,0.655737704918033,0.107898658718331,0.111111111111111,0.222222222222222,-0.111111111111111,0,0.3125,-0.3125,0.96,0.72,0.24,0.941176470588235,0.666666666666667,0.274509803921569,0,0.222222222222222,-0.222222222222222,0,0.1875,-0.1875,1,0.8,0.2,1,0.736842105263158,0.263157894736842,0.555555555555556,0.333333333333333,0.222222222222222,0.4375,0.375,0.0625,0.52,0.64,-0.12,0.4,0.571428571428571,-0.171428571428571,76.9806781587422,55.9700699454702,7.4813147203864,0.014138773877867,1.00600405703499,24.6811145510836,222.658865834663,14.92175813484,0.626225393941104,0.143159138888882
2020-04-07,4,4,4,4,2,4,2,2,4,4,2,4,4,56.0681818181819,46.119090909091,38.08819,3.9,60.43611,48.57847,50.65903,49.21875,31.3333333333333,8.83333333333333,5.33333333333333,768.45,1312.05,-543.6,675,1500,-825,0.1,0,0.8,0,-0.7,0,614.7,589.657894736842,25.042105263158,614,545,69,6044.78983050848,29617.6365576102,-23572.8467271018,77.7482464786729,172.097752912728,-94.3495064340547,-0.208259430616785,2.67550349800588,-2.88376292862266,0.752530951889049,9.34574840044692,-8.59321744855787,631.1,594.9375,36.1625,645.5,530,115.5,6360.09473684211,48123.1291666667,-41763.0344298246,79.7502021116066,219.369845618459,-139.619643506853,-0.372056271829815,2.95976388574405,-3.33182015757386,2.75580794254728,9.74956917135373,-6.99376122880644,608.45,585.666666666667,22.7833333333334,619.5,569,50.5,6427.52368421053,14890.6060606061,-8463.08237639553,80.1718384734348,122.027071015435,-41.8552325420004,-0.186702392442447,0.995507833923664,-1.18221022636611,0.181048739959284,1.50882041392019,-1.3277716739609,604.55,586,18.55,596.5,537.5,59,5550.36578947368,23270.8888888889,-17720.5230994152,74.5007771065086,152.547988806437,-78.0472116999286,-0.172096279310662,1.72822130861923,-1.90031758792989,0.669317811729171,3.44616875598011,-2.77685094425094,1,0.633333333333333,0.366666666666667,1,0.8,0.2,1,0.6,0.4,1,0.5,0.5,516.383561643836,291.941176470588,224.442385173247,535,246,289,35183.4063926941,37889.2964705882,-2705.89007789415,187.572403067973,194.651731229363,-7.07932816139029,0.174965213203883,1.73252961604241,-1.55756440283853,-0.024055852695464,3.61692343998725,-3.64097929268271,561.625,421.25,140.375,538.5,370.5,168,30413.8967391304,66192.9166666667,-35779.0199275362,174.395804820903,257.27984115874,-82.8840363378375,1.35818543354915,1.081075737311,0.277109696238151,1.58842690468967,1.7332897547621,-0.144862850072423,621.2,283.727272727273,337.472727272727,632,264,368,10976.6666666667,26831.1601731602,-15854.4935064935,104.76958846281,163.802198316018,-59.0326098532078,0.197404927688929,0.796589866221591,-0.599184938532662,-0.15538200054476,0.694260246629574,-0.849642247174334,361.958333333333,278.48,83.4783333333333,315.5,220,95.5,29309.9547101449,44147.26,-14837.3052898551,171.201503235646,210.112493678981,-38.9109904433354,1.09516518375535,2.39460810027679,-1.29944291652144,1.02049429921514,6.40882301292751,-5.38832871371237,-259.241666666667,-5.24727272727273,-253.994393939394,59.5750000000001,-137.522727272727,197.097727272727,-199.666666666667,-142.77,-56.8966666666667,0.307692307692308,0.555555555555556,-0.247863247863248,0.276595744680851,0.333333333333333,-0.056737588652482,0.712328767123288,0.588235294117647,0.124093473005641,0.631578947368421,0.432432432432432,0.199146514935989,0.5,0.444444444444444,-0.111111111111111,0.4375,0.5,-0.0625,0.541666666666667,0.5,0.041666666666667,0.421052631578947,0,0.421052631578947,0,0.555555555555556,-0.555555555555556,0,0.307692307692308,-0.307692307692308,1,0.590909090909091,0.409090909090909,1,0.470588235294118,0.529411764705882,0.444444444444444,0.555555555555556,-0.111111111111111,0.4,0.3125,0.0875,0.583333333333333,0.6,-0.016666666666667,0.5,0.444444444444444,0.055555555555556,80.9109220350755,239.136732025702,15.4640464311804,0.66567353876086,-0.319504456840806,36.1670761670762,927.218322218322,30.4502598054322,0.760239122179992,-1.01924753614309
2020-04-08,4,4,4,4,2,4,4,4,4,4,4,4,4,65.4081818181819,79.9727272727274,57.15069,55.00278,44.72292,31.30486,32.25,22.50833,37.1666666666667,37.1666666666667,9.46666666666667,532.8,595.05,-62.25,510.5,534.5,-24,0,0,0.05,0,-0.05,0,572.183333333333,496.416666666667,75.7666666666666,566,488.5,77.5,7851.84717514124,1877.46751412429,5974.37966101695,88.6106493325788,43.3297532202099,45.2808961123688,2.78416086136562,1.36813025680098,1.41603060456465,14.4686598467761,3.72999704845388,10.7386627983223,581.05,507.65,73.4,584,500.5,83.5,3010.78684210526,3291.29210526316,-280.505263157895,54.870637340068,57.3697839046232,-2.49914656455517,-0.120397723167154,1.22362153620329,-1.34401925937045,1.05509460315973,2.70593912770336,-1.65084452454362,583.5,492.4,91.1,562.5,489.5,73,15374.6842105263,1160.35789473684,14214.3263157895,123.994694283773,34.0640264023037,89.9306678814693,3.01488405346695,0.941956214715361,2.07292783875159,11.8743800630945,0.461196070967014,11.4131839921274,552,489.2,62.8,543,485,58,5350.21052631579,1173.74736842105,4176.46315789474,73.145133305749,34.259996620272,38.8851366854769,1.1019978602729,0.555045985440234,0.546951874832663,2.91963111579265,0.127492686738543,2.7921384290541,1,1,0,1,1,0,1,1,0,1,1,0,431.223880597015,261.147058823529,170.076821773486,359,256.5,102.5,22788.7521483492,15054.7243195786,7734.02782877059,150.9594387521,122.697694842155,28.2617439099455,0.393648894391129,1.27842758092496,-0.884778686533834,-1.12136340427081,3.46388475381749,-4.5852481580883,582.56,183.76,398.8,565,186,379,2675.09,9637.27333333334,-6962.18333333333,51.721272219465,98.1696151226709,-46.4483429032059,0.873893925658433,1.95687101063256,-1.08297708497412,0.433995004607771,6.84342740378282,-6.40943239917505,330.4,273.28,57.12,309,265,44,10766.0833333333,10842.1266666667,-76.0433333333331,103.759738498771,104.12553321192,-0.365794713149086,3.86885045097311,2.07620609612783,1.79264435484527,17.4978651408707,8.96092995172632,8.53693518914434,356.941176470588,351.777777777778,5.16339869281046,327,339,-12,16310.1838235294,12700.6535947712,3609.53022875817,127.711330051524,112.697176516412,15.0141535351128,1.4186138871564,2.0619409578592,-0.643327070702808,2.24637331201135,6.45720784073201,-4.21083452872066,26.5411764705882,78.4977777777778,-51.9566013071895,-252.16,89.52,-341.68,-225.618823529412,168.017777777778,-393.63660130719,0.416666666666667,0.6,-0.183333333333333,0.302325581395349,0.558139534883721,-0.255813953488372,0.656716417910448,0.426470588235294,0.230245829675154,0.549019607843137,0.338983050847458,0.21003655699568,0.222222222222222,0.444444444444444,-0.222222222222222,0,0.4375,-0.4375,0.92,0.56,0.36,0.875,0.476190476190476,0.398809523809524,0.555555555555556,0.777777777777778,-0.222222222222222,0.5,0.5625,-0.0625,0.48,0.36,0.12,0.380952380952381,0.2,0.180952380952381,0.5,0.571428571428571,-0.071428571428571,0.454545454545454,0.727272727272727,-0.272727272727273,0.529411764705882,0.333333333333333,0.196078431372549,0.428571428571429,0.333333333333333,0.095238095238095,88.0288783236485,107.94421696987,10.3896206364751,0.185767066059764,0.623374704909028,56.8365384615385,455.303336422614,21.3378381384482,-0.652083220983132,-0.465838232830147
2020-04-09,2,4,4,4,2,4,4,4,4,4,4,4,4,49.0463636363637,64.4827272727274,68.86528,66.13611,55.57083,45.42153,36.12292,57.0125,39,19.5,8.45,543,935.85,-392.85,516,593.5,-77.5,0,0,0.4,0,-0.4,0,649.15,578.423728813559,70.7262711864406,640.5,538,102.5,8759.96016949153,22289.0414962011,-13529.0813267095,93.5946588726703,149.295148937268,-55.7004900645977,0.64673907421361,2.85400396210986,-2.20726488789625,0.237884661953612,9.88726566356193,-9.64938100160832,680.1,565.2,114.9,664,540.5,123.5,9524.0947368421,8815.43157894737,708.663157894735,97.5914685658644,93.8905297617783,3.70093880408615,1.05798126328354,1.86405750631014,-0.806076243026601,0.798941927586193,3.85837406635242,-3.05943213876622,616.6,605.4,11.2,604,520,84,6794.14736842105,52351.6210526316,-45557.4736842105,82.42661808191,228.804766236701,-146.378148154791,0.919583282102722,2.09963389832674,-1.18005061622402,1.14275244736568,3.84652776818079,-2.70377532081511,650.75,563.947368421053,86.8026315789474,657,554,103,8757.46052631579,6030.94152046783,2726.51900584796,93.5813043631889,77.6591367481498,15.922167615039,-0.019841305519423,0.833070317709885,-0.852911623229308,-1.07647923925379,-0.254717628235154,-0.821761611018632,0.983333333333333,0.966666666666667,0.016666666666667,1,0.95,0.05,1,1,0,0.95,0.95,0,429.013513513513,360.283783783784,68.7297297297297,437.5,356.5,81,20229.465568308,38245.5758978156,-18016.1103295076,142.230325768832,195.564761390736,-53.3344356219044,-0.300714213830675,1.0469727276162,-1.34768694144688,-0.105159059340759,2.94108976592241,-3.04624882526317,524.08,411.08,113,531,398,133,3001.24333333333,4180.66,-1179.41666666667,54.7836046033239,64.658023477369,-9.87441887404508,-0.777770097010099,1.08235341537531,-1.86012351238541,2.06723497103798,0.762889466566819,1.30434550447116,397.12,433.96,-36.84,371,368,3,11058.5266666667,35144.54,-24086.0133333333,105.159529604628,187.468770732621,-82.3092411279928,0.705998223711637,1.46996698521533,-0.763968761503689,0.589519627066246,1.7181735951022,-1.12865396803595,363.208333333333,230.625,132.583333333333,295,173,122,34087.7373188406,54105.9836956522,-20018.2463768116,184.628647069843,232.606929595084,-47.9782825252408,0.520314093025471,2.47706975888501,-1.95675566585954,-0.216539342588745,7.97081357742549,-8.18735292001424,-33.9116666666667,-203.335,169.423333333333,-126.96,22.88,-149.84,-160.871666666667,-180.455,19.5833333333333,0.333333333333333,0.444444444444444,-0.111111111111111,0.361702127659574,0.297872340425532,0.063829787234043,0.648648648648649,0.648648648648649,0,0.580645161290323,0.535714285714286,0.044930875576037,0.111111111111111,0.444444444444444,-0.333333333333333,0,0.125,-0.125,0.96,0.76,0.2,0.941176470588235,0.625,0.316176470588235,0.333333333333333,0.555555555555556,-0.222222222222222,0.5,0.375,0.125,0.56,0.56,0,0.521739130434783,0.421052631578947,0.100686498855835,0.555555555555556,0.333333333333333,0.222222222222222,0.6,0.4,0.2,0.416666666666667,0.625,-0.208333333333333,0.363636363636364,0.571428571428571,-0.207792207792208,82.3531863170689,103.475098824432,10.1722710750566,0.573404485940022,3.11543815047529,41.1662337662338,513.790002705628,22.6669363325886,0.100411746670581,-1.24634132530772
